data.agroportal.lirmm.fr,co_326__oquare.ttl,https://cropontology.org/rdf/
data.agroportal.lirmm.fr,sdgio__huron.ttl,http://purl.unep.org/sdg/releases/2018-08-10/sdgio.owl
data.agroportal.lirmm.fr,eol__oquare.ttl,http://opendata.inra.fr/EOL/eol_ontology
data.agroportal.lirmm.fr,wheatphenotype__huron.ttl,http://opendata.inrae.fr/wto
data.agroportal.lirmm.fr,c3po__huron.ttl,http://www.elzeard.co/ontologies/c3po/1.0
data.agroportal.lirmm.fr,pso__huron.ttl,http://purl.obolibrary.org/obo/pso/releases/2023-11-14/pso.owl
data.agroportal.lirmm.fr,soy__huron.ttl,http://purl.obolibrary.org/obo/TEMP
data.agroportal.lirmm.fr,co_336__oquare.ttl,https://cropontology.org/rdf/
data.agroportal.lirmm.fr,co_339__oquare.ttl,https://cropontology.org/rdf/
data.agroportal.lirmm.fr,lbo__oquare.ttl,http://purl.obolibrary.org/obo/lbo-20240423-obo__lbo.obo
data.agroportal.lirmm.fr,bco__huron.ttl,http://purl.obolibrary.org/obo/bco/releases/2016-12-14/bco.owl
data.agroportal.lirmm.fr,oboe__huron.ttl,http://ecoinformatics.org/oboe/oboe.1.2/oboe.owl
data.agroportal.lirmm.fr,cdao__oquare.ttl,http://purl.obolibrary.org/obo/cdao/2024-01-25/cdao.owl
data.agroportal.lirmm.fr,co_347__huron.ttl,https://cropontology.org/rdf/
data.agroportal.lirmm.fr,co_334__huron.ttl,https://cropontology.org/rdf/
data.agroportal.lirmm.fr,co_356__oquare.ttl,https://cropontology.org/rdf/
data.agroportal.lirmm.fr,ando__huron.ttl,http://opendata.inra.fr/AnimalDiseasesOnto/Ando
data.agroportal.lirmm.fr,co_334__oquare.ttl,https://cropontology.org/rdf/
data.agroportal.lirmm.fr,faldo__huron.ttl,http://biohackathon.org/resource/faldo
data.agroportal.lirmm.fr,gfvo__huron.ttl,http://www.biointerchange.org/gfvo#
data.agroportal.lirmm.fr,co_346__oquare.ttl,https://cropontology.org/rdf/
data.agroportal.lirmm.fr,co_356__huron.ttl,https://cropontology.org/rdf/
data.agroportal.lirmm.fr,co_340__huron.ttl,https://cropontology.org/rdf/
data.agroportal.lirmm.fr,co_338__huron.ttl,https://cropontology.org/rdf/
data.agroportal.lirmm.fr,ontobiotope__oquare.ttl,http://purl.obolibrary.org/obo/ontobiotope-20211201-obo__OntoBiotope-oct-2021.obo
data.agroportal.lirmm.fr,envo__huron.ttl,http://purl.obolibrary.org/obo/envo/releases/2024-02-16/envo.owl
data.agroportal.lirmm.fr,gfvo__oquare.ttl,http://www.biointerchange.org/gfvo#
data.agroportal.lirmm.fr,so__huron.ttl,http://purl.obolibrary.org/obo/so/2024-04-10/so.owl
data.agroportal.lirmm.fr,co_367__huron.ttl,https://cropontology.org/rdf/
data.agroportal.lirmm.fr,co_366__oquare.ttl,https://cropontology.org/rdf/
data.agroportal.lirmm.fr,co_371__huron.ttl,https://cropontology.org/rdf/
data.agroportal.lirmm.fr,landvoc__huron.ttl,http://aims.fao.org/aos/agrovoc/
data.agroportal.lirmm.fr,co_369__oquare.ttl,https://cropontology.org/rdf/
data.agroportal.lirmm.fr,taxrank__huron.ttl,http://purl.obolibrary.org/obo/taxrank/releases/2016-04-15/taxrank.owl
data.agroportal.lirmm.fr,oboe__oquare.ttl,http://ecoinformatics.org/oboe/oboe.1.2/oboe.owl
data.agroportal.lirmm.fr,lpt__oquare.ttl,http://purl.obolibrary.org/obo/lpt-20221229-obo__lpt.obo
data.agroportal.lirmm.fr,bipon__oquare.ttl,http://www.semanticweb.org/BiPON
data.agroportal.lirmm.fr,vt__huron.ttl,http://purl.obolibrary.org/obo/vt/releases/2024-04-23/vt.owl
data.agroportal.lirmm.fr,atol__oquare.ttl,http://opendata.inra.fr/ATOL/
data.agroportal.lirmm.fr,nalt__oquare.ttl,file:///home/jredondo/tfm/production/2-metrics/ttl_back/data.agroportal.lirmm.fr/--
data.agroportal.lirmm.fr,po__oquare.ttl,http://purl.obolibrary.org/obo/po/releases/2024-04-17/po.owl
data.agroportal.lirmm.fr,ecto__huron.ttl,http://purl.obolibrary.org/obo/ecto/releases/2023-02-14/ecto.owl
data.agroportal.lirmm.fr,cl__huron.ttl,http://purl.obolibrary.org/obo/cl/releases/2024-04-05/cl.owl
data.agroportal.lirmm.fr,cvo__huron.ttl,http://cavoc.org/cvo/ns/2
data.agroportal.lirmm.fr,use__oquare.ttl,http://purl.obolibrary.org/obo/use-20180125-obo__Use-V2.obo
data.agroportal.lirmm.fr,uo__huron.ttl,http://purl.obolibrary.org/obo/uo/releases/2023-05-25/uo.owl
data.agroportal.lirmm.fr,biodivthes__oquare.ttl,http://data.loterre.fr/ark:/67375/BLH/2.1
data.agroportal.lirmm.fr,sio__huron.ttl,http://semanticscience.org/ontology/sio.owl
data.agroportal.lirmm.fr,inraethes__oquare.ttl,http://opendata.inrae.fr/thesaurusINRAE/2.0
data.agroportal.lirmm.fr,ro__oquare.ttl,http://purl.obolibrary.org/obo/ro/releases/2024-04-24/ro.owl
data.agroportal.lirmm.fr,saref__huron.ttl,https://saref.etsi.org/core/v3.1.1/
data.agroportal.lirmm.fr,co_369__huron.ttl,https://cropontology.org/rdf/
data.agroportal.lirmm.fr,foodex2__oquare.ttl,http://data.food.gov.uk/codes/foodtype
data.agroportal.lirmm.fr,foodex2__huron.ttl,http://data.food.gov.uk/codes/foodtype
data.agroportal.lirmm.fr,co_320__huron.ttl,https://cropontology.org/rdf/
data.agroportal.lirmm.fr,om__huron.ttl,http://www.ontology-of-units-of-measure.org/resource/om-2
data.agroportal.lirmm.fr,geco__oquare.ttl,http://www.geco.ecophytopic.fr/geco/gecoOntology
data.agroportal.lirmm.fr,co_345__huron.ttl,https://cropontology.org/rdf/
data.agroportal.lirmm.fr,cdno__oquare.ttl,http://purl.obolibrary.org/obo/cdno/releases/2024-03-29/cdno.owl
data.agroportal.lirmm.fr,co_336__huron.ttl,https://cropontology.org/rdf/
data.agroportal.lirmm.fr,co_340__oquare.ttl,https://cropontology.org/rdf/
data.agroportal.lirmm.fr,transformon__huron.ttl,http://www.w3.org/2006/time#2016
data.agroportal.lirmm.fr,milkoligo__huron.ttl,http://opendata.inrae.fr/holooligo/2.0
data.agroportal.lirmm.fr,co_350__oquare.ttl,https://cropontology.org/rdf/
data.agroportal.lirmm.fr,so__oquare.ttl,http://purl.obolibrary.org/obo/so/2024-04-10/so.owl
data.agroportal.lirmm.fr,eol__huron.ttl,http://opendata.inra.fr/EOL/eol_ontology
data.agroportal.lirmm.fr,co_331__huron.ttl,https://cropontology.org/rdf/
data.agroportal.lirmm.fr,caso__huron.ttl,http://www.w3id.org/def/caso/201912
data.agroportal.lirmm.fr,top__oquare.ttl,file:///home/jredondo/tfm/production/2-metrics/ttl_back/data.agroportal.lirmm.fr/--
data.agroportal.lirmm.fr,geco__huron.ttl,http://www.geco.ecophytopic.fr/geco/gecoOntology
data.agroportal.lirmm.fr,biorefinery__huron.ttl,http://opendata.inra.fr/resources/BIORAF#
data.agroportal.lirmm.fr,bohlmann__oquare.ttl,http://terminologies.gfbio.org/terms/bohlmann/2023-11-03/bohlmann.owl
data.agroportal.lirmm.fr,uo__oquare.ttl,http://purl.obolibrary.org/obo/uo/releases/2023-05-25/uo.owl
data.agroportal.lirmm.fr,demeter-aim__huron.ttl,https://w3id.org/demeter/agri/3.0
data.agroportal.lirmm.fr,co_330__oquare.ttl,https://cropontology.org/rdf/
data.agroportal.lirmm.fr,afo__oquare.ttl,file:///home/jredondo/tfm/production/2-metrics/ttl_back/data.agroportal.lirmm.fr/--
data.agroportal.lirmm.fr,edam__huron.ttl,http://edamontology.org
data.agroportal.lirmm.fr,soy__oquare.ttl,http://purl.obolibrary.org/obo/soy-20201212-obo__Soy10.2.4
data.agroportal.lirmm.fr,saref__oquare.ttl,https://saref.etsi.org/core/v3.1.1/
data.agroportal.lirmm.fr,ontobiotope__huron.ttl,http://purl.obolibrary.org/obo/OntoBiotope.owl
data.agroportal.lirmm.fr,co_320__oquare.ttl,https://cropontology.org/rdf/
data.agroportal.lirmm.fr,transmat__huron.ttl,http://opendata.inra.fr/resources/hSC9z#
data.agroportal.lirmm.fr,c3po__oquare.ttl,http://www.elzeard.co/ontologies/c3po/1.0
data.agroportal.lirmm.fr,gemet__oquare.ttl,file:///home/jredondo/tfm/production/2-metrics/ttl_back/data.agroportal.lirmm.fr/--
data.agroportal.lirmm.fr,xeo__oquare.ttl,http://purl.obolibrary.org/obo/xeo-20150623-obo__XEO-v1-6-v1.6-no-Instance.obo
data.agroportal.lirmm.fr,atol__huron.ttl,http://opendata.inra.fr/ATOL/
data.agroportal.lirmm.fr,peao__oquare.ttl,https://bitbucket.org/PlantExpAssay/ontology/raw/v0.1/PlantExperimentalAssayOntology.owl
data.agroportal.lirmm.fr,co_365__huron.ttl,https://cropontology.org/rdf/
data.agroportal.lirmm.fr,ascopain-t__oquare.ttl,http://opendata.inra.fr/AsCoPainT/AsCoPain-T
data.agroportal.lirmm.fr,co_333__oquare.ttl,file:///home/jredondo/tfm/production/2-metrics/ttl_back/data.agroportal.lirmm.fr/--
data.agroportal.lirmm.fr,lpt__huron.ttl,http://purl.obolibrary.org/obo/TEMP
data.agroportal.lirmm.fr,clc__oquare.ttl,file:///home/jredondo/tfm/production/2-metrics/ttl_back/data.agroportal.lirmm.fr/--
data.agroportal.lirmm.fr,faldo__oquare.ttl,http://biohackathon.org/resource/faldo
data.agroportal.lirmm.fr,co_330__huron.ttl,https://cropontology.org/rdf/
data.agroportal.lirmm.fr,co_343__huron.ttl,https://cropontology.org/rdf/
data.agroportal.lirmm.fr,spto__oquare.ttl,http://purl.obolibrary.org/obo/spto-20230913-obo__SP.obo
data.agroportal.lirmm.fr,co_341__oquare.ttl,https://cropontology.org/rdf/
data.agroportal.lirmm.fr,ssn__oquare.ttl,http://www.w3.org/ns/ssn/
data.agroportal.lirmm.fr,co_326__huron.ttl,https://cropontology.org/rdf/
data.agroportal.lirmm.fr,biorefinery__oquare.ttl,http://opendata.inra.fr/resources/BIORAF#
data.agroportal.lirmm.fr,lbo__huron.ttl,http://purl.obolibrary.org/obo/TEMP
data.agroportal.lirmm.fr,peao__huron.ttl,https://bitbucket.org/PlantExpAssay/ontology/raw/v0.1/PlantExperimentalAssayOntology.owl
data.agroportal.lirmm.fr,efo__oquare.ttl,http://www.ebi.ac.uk/efo/releases/v3.65.0/efo.owl
data.agroportal.lirmm.fr,microfiltration__huron.ttl,http://opendata.inra.fr/resources/MICROFILTRATION#
data.agroportal.lirmm.fr,to__huron.ttl,http://purl.obolibrary.org/obo/to/releases/2023-07-17/to.owl
data.agroportal.lirmm.fr,agfood__huron.ttl,http://data.loterre.fr/ark:/67375/Q1W
data.agroportal.lirmm.fr,co_348__huron.ttl,https://cropontology.org/rdf/
data.agroportal.lirmm.fr,co_371__oquare.ttl,https://cropontology.org/rdf/
data.agroportal.lirmm.fr,wheatphenotype__oquare.ttl,http://purl.obolibrary.org/obo/wheatphenotype-20230908-obo__WheatPhenotype-Ontology-v3.2.obo
data.agroportal.lirmm.fr,agfood__oquare.ttl,http://data.loterre.fr/ark:/67375/Q1W
data.agroportal.lirmm.fr,bfo__huron.ttl,http://purl.obolibrary.org/obo/bfo/2019-08-26/bfo.owl
data.agroportal.lirmm.fr,inraethes__huron.ttl,http://opendata.inrae.fr/thesaurusINRAE/2.0
data.agroportal.lirmm.fr,co_343__oquare.ttl,https://cropontology.org/rdf/
data.agroportal.lirmm.fr,ons__huron.ttl,https://raw.githubusercontent.com/enpadasi/Ontology-for-Nutritional-Studies/master/src/ontology/ons_release_v1.1.owl
data.agroportal.lirmm.fr,spto__huron.ttl,http://purl.obolibrary.org/obo/TEMP.owl
data.agroportal.lirmm.fr,co_359__huron.ttl,https://cropontology.org/rdf/
data.agroportal.lirmm.fr,co_321__oquare.ttl,https://cropontology.org/rdf/
data.agroportal.lirmm.fr,irrig__oquare.ttl,http://www.w3id.org/def/irrig/201905
data.agroportal.lirmm.fr,ncbitaxon__huron.ttl,http://purl.bioontology.org/ontology/NCBITAXON/
data.agroportal.lirmm.fr,oeso-core__huron.ttl,http://www.opensilex.org/vocabulary/oeso
data.agroportal.lirmm.fr,cdno__huron.ttl,http://purl.obolibrary.org/obo/cdno/releases/2024-03-29/cdno.owl
data.agroportal.lirmm.fr,cdao__huron.ttl,http://purl.obolibrary.org/obo/cdao/2024-01-25/cdao.owl
data.agroportal.lirmm.fr,co_331__oquare.ttl,https://cropontology.org/rdf/
data.agroportal.lirmm.fr,po2__huron.ttl,http://opendata.inra.fr/PO2/
data.agroportal.lirmm.fr,vario__huron.ttl,http://purl.obolibrary.org/obo/vario.owl
data.agroportal.lirmm.fr,agrovoc__huron.ttl,http://aims.fao.org/aos/agrovoc/
data.agroportal.lirmm.fr,go__oquare.ttl,http://purl.obolibrary.org/obo/go/releases/2024-04-24/go.owl
data.agroportal.lirmm.fr,dsw__huron.ttl,http://purl.org/dsw/
data.agroportal.lirmm.fr,co_321__huron.ttl,https://cropontology.org/rdf/
data.agroportal.lirmm.fr,go__huron.ttl,http://purl.obolibrary.org/obo/go/releases/2024-04-24/go.owl
data.agroportal.lirmm.fr,peco__huron.ttl,http://purl.obolibrary.org/obo/peco/releases/2023-11-10/peco.owl
data.agroportal.lirmm.fr,co_337__huron.ttl,https://cropontology.org/rdf/
data.agroportal.lirmm.fr,efo__huron.ttl,http://www.ebi.ac.uk/efo/releases/v3.65.0/efo.owl
data.agroportal.lirmm.fr,use__huron.ttl,http://purl.obolibrary.org/obo/TEMP.owl
data.agroportal.lirmm.fr,po__huron.ttl,http://purl.obolibrary.org/obo/po/releases/2024-04-17/po.owl
data.agroportal.lirmm.fr,co_357__huron.ttl,https://cropontology.org/rdf/
data.agroportal.lirmm.fr,xeo__huron.ttl,http://purl.obolibrary.org/obo/TEMP
data.agroportal.lirmm.fr,co_365__oquare.ttl,https://cropontology.org/rdf/
data.agroportal.lirmm.fr,co_341__huron.ttl,https://cropontology.org/rdf/
data.agroportal.lirmm.fr,ppo__oquare.ttl,https://raw.githubusercontent.com/PlantPhenoOntology/ppo/master/releases/2018-10-26/ppo.owl
data.agroportal.lirmm.fr,edam__oquare.ttl,http://edamontology.org
data.agroportal.lirmm.fr,seont__huron.ttl,http://purl.obolibrary.org/obo/seont/releases/2020-06-10/seont-full.owl
data.agroportal.lirmm.fr,saref4envi__huron.ttl,https://saref.etsi.org/saref4envi/v1.1.2/
data.agroportal.lirmm.fr,foodie__huron.ttl,http://foodie-cloud.com/model/foodie
data.agroportal.lirmm.fr,ascopain-t__huron.ttl,http://opendata.inra.fr/AsCoPainT/AsCoPain-T
data.agroportal.lirmm.fr,caso__oquare.ttl,http://www.w3id.org/def/caso/201912
data.agroportal.lirmm.fr,bco__oquare.ttl,http://purl.obolibrary.org/obo/bco/releases/2016-12-14/bco.owl
data.agroportal.lirmm.fr,co_338__oquare.ttl,https://cropontology.org/rdf/
data.agroportal.lirmm.fr,polapgen_barley__oquare.ttl,file:///home/jredondo/tfm/production/2-metrics/ttl_back/data.agroportal.lirmm.fr/--
data.agroportal.lirmm.fr,co_337__oquare.ttl,https://cropontology.org/rdf/
data.agroportal.lirmm.fr,ant__huron.ttl,http://data.ifpri.org/lod/at/resource/
data.agroportal.lirmm.fr,inia-rdm__huron.ttl,http://data.inia.es/def/core#
data.agroportal.lirmm.fr,sty__oquare.ttl,file:///home/jredondo/tfm/production/2-metrics/ttl_back/data.agroportal.lirmm.fr/--
data.agroportal.lirmm.fr,irrig__huron.ttl,http://www.w3id.org/def/irrig/201905
data.agroportal.lirmm.fr,pso__oquare.ttl,http://purl.obolibrary.org/obo/pso/releases/2023-11-14/pso.owl
data.agroportal.lirmm.fr,cvo__oquare.ttl,http://cavoc.org/cvo/ns/2
data.agroportal.lirmm.fr,co_345__oquare.ttl,https://cropontology.org/rdf/
data.agroportal.lirmm.fr,co_366__huron.ttl,https://cropontology.org/rdf/
data.agroportal.lirmm.fr,co_339__huron.ttl,https://cropontology.org/rdf/
data.agroportal.lirmm.fr,infrarisk__huron.ttl,http://vocabs.datagraft.net/infrarisk
data.agroportal.lirmm.fr,pr__huron.ttl,http://purl.obolibrary.org/obo/pr/69.0/pr.owl
data.agroportal.lirmm.fr,bipon__huron.ttl,http://www.semanticweb.org/BiPON
data.agroportal.lirmm.fr,asfa__huron.ttl,http://aims.fao.org/aos/agrovoc/
data.agroportal.lirmm.fr,ppdo__oquare.ttl,https://opendata.inrae.fr/ppd-def/1.3
data.agroportal.lirmm.fr,ro__huron.ttl,http://purl.obolibrary.org/obo/ro/releases/2024-04-24/ro.owl
data.agroportal.lirmm.fr,vt__oquare.ttl,http://purl.obolibrary.org/obo/vt/releases/2024-04-23/vt.owl
data.agroportal.lirmm.fr,co_367__oquare.ttl,https://cropontology.org/rdf/
data.agroportal.lirmm.fr,ebo__huron.ttl,http://opendata.inrae.fr/ebo
data.agroportal.lirmm.fr,co_346__huron.ttl,https://cropontology.org/rdf/
data.agroportal.lirmm.fr,co_347__oquare.ttl,https://cropontology.org/rdf/
data.agroportal.lirmm.fr,co_348__oquare.ttl,https://cropontology.org/rdf/
data.agroportal.lirmm.fr,co_335__huron.ttl,https://cropontology.org/rdf/
data.agroportal.lirmm.fr,co_350__huron.ttl,https://cropontology.org/rdf/
data.agroportal.lirmm.fr,ssn__huron.ttl,http://www.w3.org/ns/ssn/
data.agroportal.lirmm.fr,bfo__oquare.ttl,http://purl.obolibrary.org/obo/bfo/2019-08-26/bfo.owl
data.agroportal.lirmm.fr,sosa__huron.ttl,http://www.w3.org/ns/sosa/
data.agroportal.lirmm.fr,pato__huron.ttl,http://purl.obolibrary.org/obo/pato/releases/2024-03-28/pato.owl
data.agroportal.lirmm.fr,co_335__oquare.ttl,https://cropontology.org/rdf/
data.agroportal.lirmm.fr,ppdo__huron.ttl,https://opendata.inrae.fr/ppd-def/1.3
data.agroportal.lirmm.fr,adw__huron.ttl,http://www.owl-ontologies.com/unnamed.owl
data.agroportal.lirmm.fr,csopra__huron.ttl,http://csopralibs.org#
data.agroportal.lirmm.fr,bohlmann__huron.ttl,http://terminologies.gfbio.org/terms/bohlmann/2023-11-03/bohlmann.owl
data.agroportal.lirmm.fr,ppo__huron.ttl,https://raw.githubusercontent.com/PlantPhenoOntology/ppo/master/releases/2018-10-26/ppo.owl
data.agroportal.lirmm.fr,saref4envi__oquare.ttl,https://saref.etsi.org/saref4envi/v1.1.2/
data.agroportal.lirmm.fr,dsw__oquare.ttl,http://purl.org/dsw/
data.agroportal.lirmm.fr,oba__huron.ttl,http://purl.obolibrary.org/obo/oba/releases/2024-03-27/oba.owl
data.agroportal.lirmm.fr,sio__oquare.ttl,http://semanticscience.org/ontology/sio.owl
data.agroportal.lirmm.fr,sosa__oquare.ttl,http://www.w3.org/ns/sosa/
rest.matportal.org,lpbfo__huron.ttl,https://gitlab.cc-asp.fraunhofer.de/EMI_datamanagement/LPBFO/-/raw/master/LPBFO.owl
rest.matportal.org,pmdco__huron.ttl,https://w3id.org/pmd/co
rest.matportal.org,mdo-full__huron.ttl,https://w3id.org/mdo/full/1.0/
rest.matportal.org,mdo-full__oquare.ttl,https://w3id.org/mdo/full/1.0/
rest.matportal.org,amontology__huron.ttl,http://www.semanticweb.org/ina3/ontologies/2016/2/untitled-ontology-122
rest.matportal.org,mm__huron.ttl,http://materialsmine.org/ns/1.0
rest.matportal.org,mambo__huron.ttl,https://raw.githubusercontent.com/daimoners/MAMBO/master/mambo.owl
rest.matportal.org,nmrrvocab__oquare.ttl,file:///home/jredondo/tfm/production/2-metrics/ttl/rest.matportal.org/--
rest.matportal.org,vimmp_ontologies__huron.ttl,https://purl.vimmp.eu/semantics/combined/combined-vimmp-ontologies.ttl
data.ecoportal.lifewatch.eu,sty__oquare.ttl,file:///home/jredondo/tfm/production/2-metrics/ttl/data.ecoportal.lifewatch.eu/--
data.ecoportal.lifewatch.eu,bco__oquare.ttl,http://purl.obolibrary.org/obo/bco/releases/2021-11-14/bco.owl
data.ecoportal.lifewatch.eu,elter_cl__oquare.ttl,http://vocabs.lter-europe.net/elter_cl/
data.ecoportal.lifewatch.eu,fishtraits__huron.ttl,https://kos.lifewatch.eu/thesauri/fishtraits/
data.ecoportal.lifewatch.eu,acformat__oquare.ttl,file:///home/jredondo/tfm/production/2-metrics/ttl/data.ecoportal.lifewatch.eu/--
data.ecoportal.lifewatch.eu,dsw__oquare.ttl,http://purl.org/dsw/
data.ecoportal.lifewatch.eu,dwcem__oquare.ttl,file:///home/jredondo/tfm/production/2-metrics/ttl/data.ecoportal.lifewatch.eu/--
data.ecoportal.lifewatch.eu,i-adopt__oquare.ttl,https://w3id.org/iadopt/ont/1.0.3
data.ecoportal.lifewatch.eu,actris_cl__oquare.ttl,https://vocabulary.actris.nilu.no/actris_controlled_lists/
data.ecoportal.lifewatch.eu,phytotraits__huron.ttl,https://kos.lifewatch.eu/thesauri/phytotraits/
data.ecoportal.lifewatch.eu,mr__huron.ttl,http://marineregions.org/ns/ontology
data.ecoportal.lifewatch.eu,bco__huron.ttl,http://purl.obolibrary.org/obo/bco/releases/2021-11-14/bco.owl
data.ecoportal.lifewatch.eu,phytotraits__oquare.ttl,https://kos.lifewatch.eu/thesauri/phytotraits/
data.ecoportal.lifewatch.eu,eurio__huron.ttl,http://data.europa.eu/s66/v1.1#
data.ecoportal.lifewatch.eu,biodivthes__oquare.ttl,http://data.loterre.fr/ark:/67375/BLH/2.1
data.ecoportal.lifewatch.eu,mr__oquare.ttl,http://marineregions.org/ns/ontology
data.ecoportal.lifewatch.eu,eurio__oquare.ttl,http://data.europa.eu/s66/v1.1#
data.ecoportal.lifewatch.eu,elter_cl__huron.ttl,http://vocabs.lter-europe.net/elter_cl/
data.ecoportal.lifewatch.eu,pco__huron.ttl,http://purl.obolibrary.org/obo/pco/releases/2021-05-03/pco.owl
data.ecoportal.lifewatch.eu,euroscivoc__oquare.ttl,file:///home/jredondo/tfm/production/2-metrics/ttl/data.ecoportal.lifewatch.eu/--
data.ecoportal.lifewatch.eu,envthes__huron.ttl,http://vocabs.lter-europe.net/EnvThes/
data.ecoportal.lifewatch.eu,cpmeta__huron.ttl,http://meta.icos-cp.eu/ontologies/cpmeta/
data.ecoportal.lifewatch.eu,eurovoc__oquare.ttl,file:///home/jredondo/tfm/production/2-metrics/ttl/data.ecoportal.lifewatch.eu/--
data.ecoportal.lifewatch.eu,mrptcodelist__oquare.ttl,file:///home/jredondo/tfm/production/2-metrics/ttl/data.ecoportal.lifewatch.eu/--
data.ecoportal.lifewatch.eu,macroalgaetraits__huron.ttl,https://kos.lifewatch.eu/thesauri/macroalgaetraits/
data.ecoportal.lifewatch.eu,pco__oquare.ttl,http://purl.obolibrary.org/obo/pco/releases/2021-05-03/pco.owl
data.ecoportal.lifewatch.eu,zooplanktraits__oquare.ttl,https://kos.lifewatch.eu/thesauri/zooplanktontraits/
data.ecoportal.lifewatch.eu,endemisms__huron.ttl,https://kos.lifewatch.eu/thesauri/endemisms/
data.ecoportal.lifewatch.eu,envthes__oquare.ttl,http://vocabs.lter-europe.net/EnvThes/
data.ecoportal.lifewatch.eu,actris_vocab__huron.ttl,https://vocabulary.actris.nilu.no/actris_vocab/
data.ecoportal.lifewatch.eu,endemisms__oquare.ttl,https://kos.lifewatch.eu/thesauri/endemisms/
data.ecoportal.lifewatch.eu,fishtraits__oquare.ttl,https://kos.lifewatch.eu/thesauri/fishtraits/
data.ecoportal.lifewatch.eu,zooplanktraits__huron.ttl,https://kos.lifewatch.eu/thesauri/zooplanktontraits/
data.ecoportal.lifewatch.eu,i-adopt__huron.ttl,https://w3id.org/iadopt/ont/1.0.3
data.ecoportal.lifewatch.eu,dsw__huron.ttl,http://purl.org/dsw/
data.ecoportal.lifewatch.eu,macroalgaetraits__oquare.ttl,https://kos.lifewatch.eu/thesauri/macroalgaetraits/
data.ecoportal.lifewatch.eu,actris_cl__huron.ttl,https://vocabulary.actris.nilu.no/actris_controlled_lists/
data.industryportal.enit.fr,gi2mo__huron.ttl,http://purl.org/gi2mo/ns
data.industryportal.enit.fr,emmo-mech-test__huron.ttl,http://emmo.info/emmo/domain/mechanical-testing/1.0.0
data.industryportal.enit.fr,iao__huron.ttl,http://purl.obolibrary.org/obo/iao/2022-11-07/iao.owl
data.industryportal.enit.fr,manuservice__huron.ttl,http://www.manunetwork.com/manuservice/v1#
data.industryportal.enit.fr,saref__oquare.ttl,https://saref.etsi.org/core/v3.1.1/
data.industryportal.enit.fr,extruont__huron.ttl,http://bdi.si.ehu.es/bdi/ontologies/ExtruOnt/ExtruOnt
data.industryportal.enit.fr,var__oquare.ttl,https://w3id.org/var#
data.industryportal.enit.fr,reqspeconto__oquare.ttl,http://www.semanticweb.org/usmanahmed/ontologies/2018/4/untitled-ontology-7
data.industryportal.enit.fr,saref4inma__huron.ttl,https://saref.etsi.org/saref4inma/v1.1.2/
data.industryportal.enit.fr,romain__huron.ttl,http://www.semanticweb.org/hedi/ontologies/2018/11/ROMAIN
data.industryportal.enit.fr,cco__oquare.ttl,http://www.ontologyrepository.com/CommonCoreOntologies/Mid/2024-02-14/MergedAllCoreOntology
data.industryportal.enit.fr,imamo__huron.ttl,http://www.semanticweb.org/karray/ontologies/2016/0/IMAMO
data.industryportal.enit.fr,falcon__huron.ttl,http://www.falcon.org/ontologies/upper-ontology-concepts
data.industryportal.enit.fr,demo__huron.ttl,http://a.com/ontology
data.industryportal.enit.fr,cco__huron.ttl,http://www.ontologyrepository.com/CommonCoreOntologies/Mid/2024-02-14/MergedAllCoreOntology
data.industryportal.enit.fr,iao__oquare.ttl,http://purl.obolibrary.org/obo/iao/2022-11-07/iao.owl
data.industryportal.enit.fr,iof-maintenance__huron.ttl,https://spec.industrialontologies.org/ontology/202301/maintenance/MaintenanceReferenceOntology/
data.industryportal.enit.fr,iof-core__oquare.ttl,https://spec.industrialontologies.org/ontology/202301/core/Core/
data.industryportal.enit.fr,iof-maintenance__oquare.ttl,https://spec.industrialontologies.org/ontology/202301/maintenance/MaintenanceReferenceOntology/
data.industryportal.enit.fr,i40kg__huron.ttl,https://w3id.org/i40/sto/iot/0.1/concerns/
data.industryportal.enit.fr,saref__huron.ttl,https://saref.etsi.org/core/v3.1.1/
data.industryportal.enit.fr,iof-core__huron.ttl,https://spec.industrialontologies.org/ontology/202301/core/Core/
data.industryportal.enit.fr,saref4inma__oquare.ttl,https://saref.etsi.org/saref4inma/v1.1.2/
data.industryportal.enit.fr,demo__oquare.ttl,http://a.com/ontology
data.industryportal.enit.fr,bfo__oquare.ttl,http://purl.obolibrary.org/obo/bfo/2020/bfo-core.owl
data.industryportal.enit.fr,iof-scro__huron.ttl,https://spec.industrialontologies.org/ontology/202301/supplychain/SupplyChainReferenceOntology/
data.industryportal.enit.fr,imamo__oquare.ttl,http://www.semanticweb.org/karray/ontologies/2016/0/IMAMO
data.industryportal.enit.fr,z-bre4k__huron.ttl,http://www.Z-bre4k.org/ontology
data.industryportal.enit.fr,ssn__huron.ttl,http://www.w3.org/ns/ssn/
data.industryportal.enit.fr,var__huron.ttl,https://w3id.org/var#
data.industryportal.enit.fr,reqspeconto__huron.ttl,http://www.semanticweb.org/usmanahmed/ontologies/2018/4/untitled-ontology-7
data.industryportal.enit.fr,sty__oquare.ttl,file:///home/jredondo/tfm/production/2-metrics/ttl/data.industryportal.enit.fr/--
data.industryportal.enit.fr,funstep__huron.ttl,http://www.aidimme.es/FurnitureSectorOntology.owl
data.industryportal.enit.fr,iof-av__oquare.ttl,https://spec.industrialontologies.org/ontology/202301/core/meta/AnnotationVocabulary/
data.industryportal.enit.fr,z-bre4k__oquare.ttl,http://www.Z-bre4k.org/ontology
data.industryportal.enit.fr,bfo__huron.ttl,http://purl.obolibrary.org/obo/bfo/2020/bfo-core.owl
data.industryportal.enit.fr,rec__huron.ttl,https://w3id.org/rec/full/
data.industryportal.enit.fr,msdl__huron.ttl,http://infoneer.txstate.edu/ontology/MSDL
data.industryportal.enit.fr,grace__huron.ttl,http://www.grace.com
data.industryportal.enit.fr,ssn__oquare.ttl,http://www.w3.org/ns/ssn/
data.industryportal.enit.fr,iof-av__huron.ttl,https://spec.industrialontologies.org/ontology/202301/core/meta/AnnotationVocabulary/
data.bioontology.org,atc__huron.ttl,http://purl.bioontology.org/ontology/ATC/
data.bioontology.org,hp__huron.ttl,http://purl.obolibrary.org/obo/hp.obo/hp/releases/2024-04-26/hp.obo.owl
data.bioontology.org,hspo__huron.ttl,http://research.ibm.com/ontologies/hspo/
data.bioontology.org,soil-prof__huron.ttl,http://anzsoil.org/def/au/asls/soil-profile
data.bioontology.org,geo__huron.ttl,http://purl.obolibrary.org/obo/geo/geo-all.owl
data.bioontology.org,nando__oquare.ttl,http://nanbyodata.jp/ontology/nando.owl#
data.bioontology.org,dermo__huron.ttl,http://purl.obolibrary.org/obo/DERMO.owl
data.bioontology.org,clyh__huron.ttl,http://purl.obolibrary.org/obo/clyh/releases/2020-05-29/clyh.owl
data.bioontology.org,sugarbind__oquare.ttl,http://rdf.glycoinfo.org/SugarBind/ontology#
data.bioontology.org,gno__oquare.ttl,http://purl.obolibrary.org/obo/gno/2024-04-17/gno.owl
data.bioontology.org,lc-carriers__oquare.ttl,file:///home/jredondo/tfm/production/2-metrics/ttl/data.bioontology.org/--
data.bioontology.org,mfmo__huron.ttl,http://purl.obolibrary.org/obo/mfmo/2013-11-16/mfmo.owl
data.bioontology.org,brain-cof__huron.ttl,https://explaination.net/onto/tree-structure-brain-anatomy-FastSurfer/3
data.bioontology.org,cokpme__huron.ttl,http://www.iiitdwd.ac.in/ACB/COKPME
data.bioontology.org,proco__huron.ttl,http://purl.obolibrary.org/obo/proco/releases/2022-04-11/proco.owl
data.bioontology.org,hspo__oquare.ttl,http://research.ibm.com/ontologies/hspo/
data.bioontology.org,landform__huron.ttl,http://anzsoil.org/def/au/asls/landform
data.bioontology.org,patmhc__oquare.ttl,file:///home/jredondo/tfm/production/2-metrics/ttl/data.bioontology.org/--
data.bioontology.org,mnr__huron.ttl,http://sweet.jpl.nasa.gov/2.3/matrNaturalResource.owl
data.bioontology.org,idomal__huron.ttl,http://purl.obolibrary.org/obo/TEMP
data.bioontology.org,nist_gel__huron.ttl,urn:webprotege:ontology:fd10c6f5-9529-41cb-be34-b22a931848a0
data.bioontology.org,ssn__oquare.ttl,http://www.w3.org/ns/ssn/
data.bioontology.org,crisp__huron.ttl,http://purl.bioontology.org/ontology/CSP/
data.bioontology.org,peao__oquare.ttl,https://bitbucket.org/PlantExpAssay/ontology/raw/v0.1/PlantExperimentalAssayOntology.owl
data.bioontology.org,upheno__huron.ttl,http://purl.obolibrary.org/obo/upheno.owl
data.bioontology.org,fb-bt__oquare.ttl,http://purl.obolibrary.org/obo/fb-bt-20240425-obo__fbbt.obo
data.bioontology.org,glycordf__oquare.ttl,http://purl.jp/bio/12/glyco/glycan
data.bioontology.org,ordo__oquare.ttl,https://www.orphadata.com/data/ontologies/ordo/last_version/ORDO_en_4.4.owl
data.bioontology.org,pplc__oquare.ttl,file:///home/jredondo/tfm/production/2-metrics/ttl/data.bioontology.org/--
data.bioontology.org,apo__oquare.ttl,http://purl.obolibrary.org/obo/apo-20240427-obo__apo.obo
data.bioontology.org,psimod__oquare.ttl,http://purl.obolibrary.org/obo/psimod-20220614-obo__PSI-MOD.obo
data.bioontology.org,sbo__oquare.ttl,http://biomodels.net/SBO/
data.bioontology.org,rdfs__huron.ttl,http://www.w3.org/2000/01/rdf-schema#
data.bioontology.org,fb-bt__huron.ttl,http://purl.obolibrary.org/obo/fbbt.obo/fbbt/releases/2024-04-25/fbbt.obo.owl
data.bioontology.org,mio__oquare.ttl,http://www.semanticweb.org/admin/ontologies/2022/7/MIO/1.0.0
data.bioontology.org,slso__huron.ttl,http://purl.obolibrary.org/obo/slso/releases/2024-03-26/slso.owl
data.bioontology.org,fb-dv__oquare.ttl,http://purl.obolibrary.org/obo/fb-dv-20240425-obo__fbdv.obo
data.bioontology.org,fg__huron.ttl,https://w3id.org/fair-genomes/ontology/
data.bioontology.org,pregonto__huron.ttl,http://www.clininf.eu/pregnancy
data.bioontology.org,mco__huron.ttl,http://purl.obolibrary.org/obo/mco/releases/2019-05-15/mco.owl
data.bioontology.org,epso__oquare.ttl,http://www.case.edu/EpilepsyOntology.owl
data.bioontology.org,qudt2__huron.ttl,http://qudt.org/2.0/schema/qudt
data.bioontology.org,epie__huron.ttl,https://pat.nichd.nih.gov/patepigeneticentity
data.bioontology.org,so__oquare.ttl,http://purl.obolibrary.org/obo/so/2024-04-10/so.owl
data.bioontology.org,bho__huron.ttl,http://www.semanticweb.org/ontologies/2010/10/BPO.owl
data.bioontology.org,taxrank__huron.ttl,http://purl.obolibrary.org/obo/taxrank/releases/2016-04-15/taxrank.owl
data.bioontology.org,po__huron.ttl,http://purl.obolibrary.org/obo/po/releases/2024-04-17/po.owl
data.bioontology.org,mstde__oquare.ttl,http://purl.bioontology.org/ontology/MSTDE/
data.bioontology.org,ontoavida__huron.ttl,http://purl.obolibrary.org/obo/ontoavida/releases/2022-03-15/ontoavida.owl
data.bioontology.org,aro__oquare.ttl,http://purl.obolibrary.org/obo/antibiotic_resistance.owl
data.bioontology.org,ao__huron.ttl,http://childhealthservicemodels.eu/asthma
data.bioontology.org,ino__huron.ttl,http://purl.obolibrary.org/obo/ino.owl
data.bioontology.org,t4fs__huron.ttl,http://purl.obolibrary.org/obo/t4fs/releases/2023-03-02/t4fs.owl
data.bioontology.org,iso-annotations__huron.ttl,http://rds.posccaesar.org/2008/07/OWL/ISO-15926-2_2003_annotations
data.bioontology.org,sibo__oquare.ttl,http://purl.obolibrary.org/obo/sibo/releases/2015-06-15/sibo.owl
data.bioontology.org,peco__oquare.ttl,http://purl.obolibrary.org/obo/peco-20231110-obo__peco.obo
data.bioontology.org,birnlex__oquare.ttl,http://bioontology.org/projects/ontologies/birnlex
data.bioontology.org,ncit__huron.ttl,http://ncicb.nci.nih.gov/xml/owl/EVS/Thesaurus.owl
data.bioontology.org,obi__huron.ttl,http://purl.obolibrary.org/obo/obi/2024-01-09/obi.owl
data.bioontology.org,cmpo__oquare.ttl,http://purl.obolibrary.org/obo/http://www.ebi.ac.uk/cmpo/cmpo.owl/releases/2015-06-12/http://www.ebi.ac.uk/cmpo/cmpo.owl.owl
data.bioontology.org,mstde-fre__huron.ttl,http://purl.bioontology.org/ontology/MSTDE-FRE/
data.bioontology.org,phenx__huron.ttl,http://purl.bioontology.org/ontology/phenX/
data.bioontology.org,omim__huron.ttl,http://purl.bioontology.org/ontology/OMIM/
data.bioontology.org,oostt__huron.ttl,http://purl.obolibrary.org/obo/oostt/release/2024-01-25/oostt.owl
data.bioontology.org,mmusdv__huron.ttl,http://purl.obolibrary.org/obo/mmusdv/releases/2018-03-24/mmusdv.owl
data.bioontology.org,zfa__huron.ttl,http://purl.obolibrary.org/obo/zfa/releases/2022-12-09/zfa.owl
data.bioontology.org,odnae__huron.ttl,http://purl.obolibrary.org/obo/odnae.owl
data.bioontology.org,amphx__oquare.ttl,http://purl.obolibrary.org/obo/amphx/releases/2020-12-18/amphx.owl
data.bioontology.org,ctu_beready_gem__oquare.ttl,file:///home/jredondo/tfm/production/2-metrics/ttl/data.bioontology.org/--
data.bioontology.org,aba-amb__oquare.ttl,http://mouse.brain-map.org/atlas/index.html
data.bioontology.org,hhear__huron.ttl,http://purl.org/twc/HHEAR/1.10
data.bioontology.org,po__oquare.ttl,http://purl.obolibrary.org/obo/po-20240418-obo__po.obo
data.bioontology.org,datacite__oquare.ttl,http://purl.org/spar/datacite/2022-09-15
data.bioontology.org,cido__oquare.ttl,http://purl.obolibrary.org/obo/cido/releases/2024-02-16/cido.owl
data.bioontology.org,stato__huron.ttl,http://purl.obolibrary.org/obo/stato.owl
data.bioontology.org,pav__huron.ttl,http://purl.org/pav/2.3
data.bioontology.org,hom__oquare.ttl,http://purl.obolibrary.org/obo/hom/releases/2015-01-07/hom.owl
data.bioontology.org,ccf__huron.ttl,http://purl.org/ccf/releases/2.3.0/ccf.owl
data.bioontology.org,ceph__huron.ttl,http://purl.obolibrary.org/obo/ceph/releases/2016-01-12/ceph.owl
data.bioontology.org,lungmap_h_cell__oquare.ttl,http://www.lungmap.net/ontologies/human_anatomy/1.0.1
data.bioontology.org,zeco__huron.ttl,http://purl.obolibrary.org/obo/zeco/releases/2022-02-14/zeco.owl
data.bioontology.org,peao__huron.ttl,https://bitbucket.org/PlantExpAssay/ontology/raw/v0.1/PlantExperimentalAssayOntology.owl
data.bioontology.org,ohpi__huron.ttl,http://purl.obolibrary.org/obo/ohpi/releases/2019-09-30/ohpi-full.owl
data.bioontology.org,sio__huron.ttl,http://semanticscience.org/ontology/sio/v1.59/sio-release.owl
data.bioontology.org,vbo__oquare.ttl,http://purl.obolibrary.org/obo/vbo/releases/2024-04-18/vbo.owl
data.bioontology.org,elter_cl__huron.ttl,http://vocabs.lter-europe.net/elter_cl/
data.bioontology.org,ai-rheum__huron.ttl,http://purl.bioontology.org/ontology/AIR/
data.bioontology.org,hio__oquare.ttl,http://purl.obolibrary.org/obo/hio/releases/2019-10-31/hio.owl
data.bioontology.org,hao__huron.ttl,http://purl.obolibrary.org/obo/hao/2023-06-01/hao.owl
data.bioontology.org,ontodm-kdd__huron.ttl,http://kt.ijs.si/panovp/OntoDM-KDD.owl
data.bioontology.org,efo__oquare.ttl,http://www.ebi.ac.uk/efo/releases/v3.65.0/efo.owl
data.bioontology.org,costart__huron.ttl,http://purl.bioontology.org/ontology/CST/
data.bioontology.org,swo__huron.ttl,http://www.ebi.ac.uk/swo/swo/releases/2023-03-05/swo.owl
data.bioontology.org,clyh__oquare.ttl,http://purl.obolibrary.org/obo/clyh/releases/2020-05-29/clyh.owl
data.bioontology.org,mstde-fre__oquare.ttl,http://purl.bioontology.org/ontology/MSTDE-FRE/
data.bioontology.org,chiro__huron.ttl,http://purl.obolibrary.org/obo/chiro/releases/2015-11-23/chiro.owl
data.bioontology.org,wb-ls__huron.ttl,http://purl.obolibrary.org/obo/wbls.owl
data.bioontology.org,cdno__oquare.ttl,http://purl.obolibrary.org/obo/cdno/releases/2024-03-29/cdno.owl
data.bioontology.org,ftc__huron.ttl,http://www.ebi.ac.uk/chembl/ftc/ftc-kb-full.owl
data.bioontology.org,bin__huron.ttl,http://purl.bioontology.org/ontology/BIN
data.bioontology.org,envthes__huron.ttl,http://vocabs.lter-europe.net/EnvThes/
data.bioontology.org,disdriv__huron.ttl,http://purl.obolibrary.org/obo/disdriv/releases/2023-12-15/disdriv.owl
data.bioontology.org,pcl__huron.ttl,http://purl.obolibrary.org/obo/pcl/releases/2024-01-04/pcl.owl
data.bioontology.org,matrrockigneous__huron.ttl,http://sweet.jpl.nasa.gov/2.3/matrRockIgneous.owl
data.bioontology.org,edem-connectonto__huron.ttl,http://www.semanticweb.org/sumaiyasuravee/ontologies/2023/5/untitled-ontology-20
data.bioontology.org,uo__oquare.ttl,http://purl.obolibrary.org/obo/uo/releases/2023-05-25/uo.owl
data.bioontology.org,mesh__huron.ttl,http://purl.bioontology.org/ontology/MESH/
data.bioontology.org,bibliotek-o__huron.ttl,http://bibliotek-o.org/1.1/ontology/
data.bioontology.org,duo__oquare.ttl,http://purl.obolibrary.org/obo/duo/releases/2021-02-23/duo.owl
data.bioontology.org,eco__oquare.ttl,http://purl.obolibrary.org/obo/eco-20240325-obo__eco.obo
data.bioontology.org,cdao__huron.ttl,http://purl.obolibrary.org/obo/cdao/2013-02-01/cdao.owl
data.bioontology.org,bibframe__huron.ttl,http://id.loc.gov/ontologies/bibframe-2-3-0/
data.bioontology.org,vio__huron.ttl,http://purl.obolibrary.org/obo/vo/vio.owl
data.bioontology.org,lungmap_m_cell__huron.ttl,http://www.lungmap.net/ontologies/mouse_anatomy/1.0.1
data.bioontology.org,cdno__huron.ttl,http://purl.obolibrary.org/obo/cdno/releases/2024-03-29/cdno.owl
data.bioontology.org,henecon__huron.ttl,http://ontology.lst.tfo.upm.es/BD2D/2.0
data.bioontology.org,bspo__huron.ttl,http://purl.obolibrary.org/obo/bspo/releases/2023-05-27/bspo.owl
data.bioontology.org,three-st__huron.ttl,http://www.semanticweb.org/vhapalmeerwe/ontologies/3ST
data.bioontology.org,rs__oquare.ttl,http://purl.obolibrary.org/obo/rs-20240422-obo__rat-strain.obo
data.bioontology.org,omrse__oquare.ttl,http://purl.obolibrary.org/obo/omrse/releases/2024-03-22/omrse.owl
data.bioontology.org,bms-lm__huron.ttl,http://www.fealinx-biomedical.com/ontologies/bmslm/1.1
data.bioontology.org,ocimido__huron.ttl,https://github.com/sap218/ocimido/blob/master/ontology/ocimido.owl
data.bioontology.org,mfomd__huron.ttl,http://purl.obolibrary.org/obo/MFOMD/2020-04-26/MFOMD.owl
data.bioontology.org,fb-cv__oquare.ttl,http://purl.obolibrary.org/obo/fbcv/releases/2024-04-25/fbcv.owl
data.bioontology.org,nidm-results__huron.ttl,http://www.w3.org/ns/prov-o-20130430
data.bioontology.org,ciinteado__huron.ttl,http://purl.obolibrary.org/obo/TEMP
data.bioontology.org,ncbitaxon__huron.ttl,http://purl.bioontology.org/ontology/NCBITAXON/
data.bioontology.org,aeo__huron.ttl,http://purl.obolibrary.org/obo/aeo/releases/2014-12-05/aeo.owl
data.bioontology.org,oarcs__oquare.ttl,http://purl.obolibrary.org/obo/hao/2019-04-18/hao.owl
data.bioontology.org,npo__huron.ttl,http://purl.bioontology.org/ontology/npo
data.bioontology.org,copdo__oquare.ttl,http://clininf.eu/copd
data.bioontology.org,sibo__huron.ttl,http://purl.obolibrary.org/obo/sibo/releases/2015-06-15/sibo.owl
data.bioontology.org,wikipathways__huron.ttl,https://vocabularies.wikipathways.org/wp.owl
data.bioontology.org,peco__huron.ttl,http://purl.obolibrary.org/obo/peco/releases/2023-11-10/peco.owl
data.bioontology.org,ornaseq__huron.ttl,http://purl.obolibrary.org/obo/ornaseq/2019-07-08/ornaseq.owl
data.bioontology.org,fbbi__huron.ttl,http://purl.obolibrary.org/obo/fbbi/releases/2020-11-06/fbbi.owl
data.bioontology.org,npo__oquare.ttl,http://purl.bioontology.org/ontology/npo
data.bioontology.org,lungmap-mouse__huron.ttl,http://www.lungmap.net/ontologies/mouse_anatomy/1.0.1
data.bioontology.org,symp__oquare.ttl,http://purl.obolibrary.org/obo/symp/releases/2024-02-09/symp.owl
data.bioontology.org,caro__huron.ttl,http://purl.obolibrary.org/obo/caro/releases/2023-03-15/caro.owl
data.bioontology.org,lepao__huron.ttl,http://purl.obolibrary.org/obo/lepao/releases/2023-02-18/lepao.owl
data.bioontology.org,bms-lm__oquare.ttl,http://www.fealinx-biomedical.com/ontologies/bmslm/1.1
data.bioontology.org,gallont__huron.ttl,http://purl.obolibrary.org/obo/gallont/releases/2024-04-19/gallont.owl
data.bioontology.org,nidm-results__oquare.ttl,http://www.w3.org/ns/prov-o-20130430
data.bioontology.org,medlineplus__huron.ttl,http://purl.bioontology.org/ontology/MEDLINEPLUS/
data.bioontology.org,mi__huron.ttl,http://purl.obolibrary.org/obo/mi.owl
data.bioontology.org,regn_bro__huron.ttl,http://bioontology.org/ontologies/BiomedicalResources.owl
data.bioontology.org,pdro__huron.ttl,http://purl.obolibrary.org/obo/2020-02-05/pdro.owl
data.bioontology.org,fb-dv__huron.ttl,http://purl.obolibrary.org/obo/fbdv.obo/fbdv/releases/2024-04-25/fbdv.obo.owl
data.bioontology.org,ico__huron.ttl,http://purl.obolibrary.org/obo/ico.owl
data.bioontology.org,bho__oquare.ttl,http://www.semanticweb.org/ontologies/2010/10/BPO.owl
data.bioontology.org,vandf__huron.ttl,http://purl.bioontology.org/ontology/VANDF/
data.bioontology.org,bto__huron.ttl,http://purl.obolibrary.org/obo/bto/releases/2021-10-26/bto.owl
data.bioontology.org,patit__oquare.ttl,file:///home/jredondo/tfm/production/2-metrics/ttl/data.bioontology.org/--
data.bioontology.org,gmm__oquare.ttl,http://purl.obolibrary.org/obo/gmm-20160516-obo__GoMapMan-ontology.obo
data.bioontology.org,rpo__oquare.ttl,http://www.semanticweb.org/ontologies/2012/5/Ontology1338526551855.owl
data.bioontology.org,mmo__oquare.ttl,http://purl.obolibrary.org/obo/mmo-20230710-obo__measurement-method.obo
data.bioontology.org,rxnorm__oquare.ttl,http://purl.bioontology.org/ontology/RXNORM/
data.bioontology.org,onlira__huron.ttl,http://vavlab.ee.boun.edu.tr/carera/onlira.owl
data.bioontology.org,atol__oquare.ttl,http://opendata.inra.fr/ATOL/
data.bioontology.org,proco__oquare.ttl,http://purl.obolibrary.org/obo/proco/releases/2022-04-11/proco.owl
data.bioontology.org,bridg__huron.ttl,http://www.bridgmodel.org/owl/3.2#
data.bioontology.org,bco__huron.ttl,http://purl.obolibrary.org/obo/bco/releases/2021-11-14/bco.owl
data.bioontology.org,rbo__huron.ttl,http://purl.obolibrary.org/obo/rbo/releases/2024-02-29/rbo.owl
data.bioontology.org,ito__huron.ttl,https://identifiers.org/ito:ontology
data.bioontology.org,bco__oquare.ttl,http://purl.obolibrary.org/obo/bco/releases/2021-11-14/bco.owl
data.bioontology.org,dpo__huron.ttl,http://purl.obolibrary.org/obo/dpo/releases/2024-04-25/dpo.owl
data.bioontology.org,gfvo__oquare.ttl,https://www.codamono.com/biointerchange/gfvo#
data.bioontology.org,pino__huron.ttl,http://www.semanticweb.org/luyu/ontologies/2021/3/pregnancy_information_needs_ontology
data.bioontology.org,onl-mr-da__oquare.ttl,http://neurolog.unice.fr/ontoneurolog/v3.0/ontoneurolog-mr-dataset-acquisition.owl
data.bioontology.org,cmpo__huron.ttl,http://purl.obolibrary.org/obo/http://www.ebi.ac.uk/cmpo/cmpo.owl/releases/2015-06-12/http://www.ebi.ac.uk/cmpo/cmpo.owl.owl
data.bioontology.org,henegeo__oquare.ttl,http://ontology.lst.tfo.upm.es/SPT/0.0.2
data.bioontology.org,onl-msa__huron.ttl,http://neurolog.unice.fr/ontoneurolog/v3.0/ontoneurolog-mental-state-assessment.owl
data.bioontology.org,ogg-mm__huron.ttl,http://purl.obolibrary.org/obo/ogg-mm.owl
data.bioontology.org,patct__oquare.ttl,file:///home/jredondo/tfm/production/2-metrics/ttl/data.bioontology.org/--
data.bioontology.org,oboe__oquare.ttl,http://ecoinformatics.org/oboe/oboe.1.2/oboe.owl
data.bioontology.org,htn__oquare.ttl,https://raw.githubusercontent.com/aellenhicks/htn_owl/master/htn.owl
data.bioontology.org,pw__huron.ttl,http://purl.obolibrary.org/obo/pw/7.82/pw.owl
data.bioontology.org,zfa__oquare.ttl,http://purl.obolibrary.org/obo/zfa-20221209-obo__zfa.obo
data.bioontology.org,ptrans__oquare.ttl,http://purl.obolibrary.org/obo/trans/releases/2022-10-10/trans.owl
data.bioontology.org,afpo__huron.ttl,http://purl.obolibrary.org/obo/afpo/releases/2024-03-21/afpo.owl
data.bioontology.org,lc-media__oquare.ttl,file:///home/jredondo/tfm/production/2-metrics/ttl/data.bioontology.org/--
data.bioontology.org,wb-bt__oquare.ttl,http://purl.obolibrary.org/obo/wb-bt-20240402-obo__wbbt.obo
data.bioontology.org,ppo__oquare.ttl,https://raw.githubusercontent.com/PlantPhenoOntology/ppo/master/releases/2018-10-26/ppo.owl
data.bioontology.org,foodon__oquare.ttl,https://github.com/FoodOntology/foodon/releases/download/v2024-03-26/foodon.owl
data.bioontology.org,fg__oquare.ttl,https://w3id.org/fair-genomes/ontology/
data.bioontology.org,omo__oquare.ttl,http://purl.obolibrary.org/obo/omo/2020-05-08/omo.owl
data.bioontology.org,sbo__huron.ttl,http://biomodels.net/SBO/
data.bioontology.org,bipon__oquare.ttl,http://www.semanticweb.org/BiPON
data.bioontology.org,mp__oquare.ttl,http://purl.obolibrary.org/obo/mp-20240429-obo__MPheno-OBO.ontology
data.bioontology.org,fast-event-skos__oquare.ttl,file:///home/jredondo/tfm/production/2-metrics/ttl/data.bioontology.org/--
data.bioontology.org,be__oquare.ttl,http://purl.obolibrary.org/obo/be-20171127-obo__bioentities.obo
data.bioontology.org,gno__huron.ttl,http://purl.obolibrary.org/obo/gno/2024-04-17/gno.owl
data.bioontology.org,sweet__huron.ttl,http://sweetontology.net/sweetAll
data.bioontology.org,faldo__huron.ttl,http://biohackathon.org/resource/faldo
data.bioontology.org,iaml-mop__oquare.ttl,file:///home/jredondo/tfm/production/2-metrics/ttl/data.bioontology.org/--
data.bioontology.org,obcs__huron.ttl,http://purl.obolibrary.org/obo/obcs/2023-12-08/obcs.owl
data.bioontology.org,mads-rdf__huron.ttl,http://www.loc.gov/standards/mads/rdf/v1.rdf
data.bioontology.org,ptrans__huron.ttl,http://purl.obolibrary.org/obo/trans/releases/2022-10-10/trans.owl
data.bioontology.org,radlex__huron.ttl,http://radlex.org/RID/RadLex.owl
data.bioontology.org,entity__huron.ttl,http://rds.posccaesar.org/2008/07/OWL/ISO-15926-2_2003_entityMembership
data.bioontology.org,vhog__oquare.ttl,http://purl.obolibrary.org/obo/vhog-20231121-obo__vHOG.obo
data.bioontology.org,issva__oquare.ttl,http://purl.bioontology.org/ontology/ISSVA
data.bioontology.org,sse__oquare.ttl,http://www.mskcc.org/ontologies/2013/03/sae.owl
data.bioontology.org,sugarbind__huron.ttl,http://rdf.glycoinfo.org/SugarBind/ontology#
data.bioontology.org,infrarisk__huron.ttl,https://www.infrarisk-fp7.eu/vocabs/#
data.bioontology.org,xlmod__huron.ttl,http://purl.obolibrary.org/obo/xlmod/release/2019-10-28/xlmod.owl
data.bioontology.org,aro__huron.ttl,http://purl.obolibrary.org/obo/antibiotic_resistance.owl
data.bioontology.org,oa__oquare.ttl,http://www.w3.org/ns/oa#
data.bioontology.org,ontovip__huron.ttl,http://vip.creatis.insa-lyon.fr/ontovip/v1.0/ontovip.owl
data.bioontology.org,patgv__oquare.ttl,file:///home/jredondo/tfm/production/2-metrics/ttl/data.bioontology.org/--
data.bioontology.org,amphx__huron.ttl,http://purl.obolibrary.org/obo/amphx/releases/2020-12-18/amphx.owl
data.bioontology.org,opmi__huron.ttl,http://purl.obolibrary.org/obo/opmi.owl
data.bioontology.org,cteno__huron.ttl,http://purl.obolibrary.org/obo/cteno/releases/2016-10-19/cteno.owl
data.bioontology.org,marc-languages__oquare.ttl,file:///home/jredondo/tfm/production/2-metrics/ttl/data.bioontology.org/--
data.bioontology.org,mondo__oquare.ttl,http://purl.obolibrary.org/obo/mondo-20240509-obo__mondo.obo
data.bioontology.org,fast-formgenre__oquare.ttl,file:///home/jredondo/tfm/production/2-metrics/ttl/data.bioontology.org/--
data.bioontology.org,issva__huron.ttl,http://purl.bioontology.org/ontology/ISSVA
data.bioontology.org,hgnc-nr__oquare.ttl,http://purl.bioontology.org/ontology/HGNC/releases/2024-03-04/hgnc.owl
data.bioontology.org,medlineplus__oquare.ttl,http://purl.bioontology.org/ontology/MEDLINEPLUS/
data.bioontology.org,tgma__oquare.ttl,http://purl.obolibrary.org/obo/tgma-20150820-obo__tgma.obo
data.bioontology.org,vico__oquare.ttl,http://purl.obolibrary.org/obo/VICO_merged.owl
data.bioontology.org,copdo__huron.ttl,http://clininf.eu/copd
data.bioontology.org,fao__huron.ttl,http://purl.obolibrary.org/obo/fao/releases/2020-05-07/fao.owl
data.bioontology.org,adcad__oquare.ttl,https://purl.dataone.org/odo/ADCAD/1.0.0
data.bioontology.org,covidcrfrapid__huron.ttl,http://purl.org/vodan/whocovid19crfsemdatamodel
data.bioontology.org,sty__oquare.ttl,file:///home/jredondo/tfm/production/2-metrics/ttl/data.bioontology.org/--
data.bioontology.org,lungmap_m_cell__oquare.ttl,http://www.lungmap.net/ontologies/mouse_anatomy/1.0.1
data.bioontology.org,icw__huron.ttl,http://webprotege.stanford.edu/project/8pMSl9xBFPU3Gtu4U9kAEE
data.bioontology.org,regn_go__huron.ttl,http://purl.obolibrary.org/obo/go/releases/2023-01-01/go.owl
data.bioontology.org,pw__oquare.ttl,http://purl.obolibrary.org/obo/pw-20231113-obo__pathway.obo
data.bioontology.org,neo__huron.ttl,http://www.semanticweb.org/danielhier/ontologies/2019/3/untitled-ontology-57
data.bioontology.org,fobi__huron.ttl,http://purl.obolibrary.org/obo/fobi/fobi.owl
data.bioontology.org,psdo__huron.ttl,http://purl.obolibrary.org/obo/2022-02-23/psdo.owl
data.bioontology.org,eco__huron.ttl,http://purl.obolibrary.org/obo/eco/releases/2024-03-25/eco.owl
data.bioontology.org,ornaseq__oquare.ttl,http://purl.obolibrary.org/obo/ornaseq/2019-07-08/ornaseq.owl
data.bioontology.org,timebank__oquare.ttl,https://w3id.org/timebank/0.3
data.bioontology.org,ngbo__oquare.ttl,http://purl.obolibrary.org/obo/ngbo/2022-10-05/ngbo.owl
data.bioontology.org,fast-title__oquare.ttl,file:///home/jredondo/tfm/production/2-metrics/ttl/data.bioontology.org/--
data.bioontology.org,mineral__huron.ttl,http://sweet.jpl.nasa.gov/2.3/matrMineral.owl
data.bioontology.org,cao__huron.ttl,http://purl.obolibrary.obo/cao.owl
data.bioontology.org,vio__oquare.ttl,http://purl.obolibrary.org/obo/vo/vio.owl
data.bioontology.org,lico__huron.ttl,http://vavlab.ee.boun.edu.tr/carera/khaos/lico.owl
data.bioontology.org,agro__huron.ttl,http://purl.obolibrary.org/obo/agro/releases/2022-11-02/agro.owl
data.bioontology.org,ckdo__oquare.ttl,http://clininf.eu/ckdo
data.bioontology.org,go__huron.ttl,http://purl.obolibrary.org/obo/go/releases/2024-04-24/go.owl
data.bioontology.org,dermo__oquare.ttl,http://purl.obolibrary.org/obo/dermo-20151012-obo__dermatology.obo
data.bioontology.org,mfmo__oquare.ttl,http://purl.obolibrary.org/obo/mfmo/2013-11-16/mfmo.owl
data.bioontology.org,dcterms__oquare.ttl,file:///home/jredondo/tfm/production/2-metrics/ttl/data.bioontology.org/--
data.bioontology.org,vivo-isf__huron.ttl,http://vivoweb.org/ontology/core
data.bioontology.org,medo__huron.ttl,http://www.ebi.ac.uk/medo/
data.bioontology.org,bao__huron.ttl,http://www.bioassayontology.org/bao/bao_complete.owl
data.bioontology.org,vo__huron.ttl,http://purl.obolibrary.org/obo/vo/releases/2024-04-09/vo.owl
data.bioontology.org,occo__oquare.ttl,http://purl.obolibrary.org/obo/opl/2023-08-20/occo-merged.owl
data.bioontology.org,cvdo__huron.ttl,http://purl.obolibrary.org/obo/cvdo/2020-03-05/cvdo.owl
data.bioontology.org,icf__huron.ttl,http://who.int/icf
data.bioontology.org,cdao__oquare.ttl,http://purl.obolibrary.org/obo/cdao/2013-02-01/cdao.owl
data.bioontology.org,ocmr__huron.ttl,http://purl.obolibrary.org/obo/ocmr.owl
data.bioontology.org,bp-metadata__huron.ttl,http://protege.stanford.edu/ontologies/metadata/BioPortalMetadata.owl
data.bioontology.org,tmo__huron.ttl,http://www.w3.org/2001/sw/hcls/ns/transmed/tmo
data.bioontology.org,regn_bro__oquare.ttl,http://bioontology.org/ontologies/BiomedicalResources.owl
data.bioontology.org,chear__huron.ttl,http://hadatac.org/ont/chear/2.8
data.bioontology.org,hao__oquare.ttl,http://purl.obolibrary.org/obo/hao/2023-06-01/hao.owl
data.bioontology.org,tgma__huron.ttl,http://purl.obolibrary.org/obo/tgma/releases/2013-06-03/tgma.owl
data.bioontology.org,plana__huron.ttl,http://purl.obolibrary.org/obo/plana/releases/2023-03-13
data.bioontology.org,icd10cm__oquare.ttl,http://purl.bioontology.org/ontology/ICD10CM/
data.bioontology.org,planp__oquare.ttl,http://purl.obolibrary.org/obo/planp/releases/2020-03-28/planp.owl
data.bioontology.org,sio__oquare.ttl,http://semanticscience.org/ontology/sio/v1.59/sio-release.owl
data.bioontology.org,gallont__oquare.ttl,http://purl.obolibrary.org/obo/gallont/releases/2024-04-19/gallont.owl
data.bioontology.org,plana__oquare.ttl,http://purl.obolibrary.org/obo/plana/releases/2023-03-13
data.bioontology.org,lion__oquare.ttl,http://purl.obolibrary.org/obo/lion-20200708-obo__LION.obo
data.bioontology.org,maxo__huron.ttl,http://purl.obolibrary.org/obo/maxo/releases/2024-05-07/maxo.owl
data.bioontology.org,hp__oquare.ttl,http://purl.obolibrary.org/obo/hp-20240426-obo__hp.obo
data.bioontology.org,ncit__oquare.ttl,http://ncicb.nci.nih.gov/xml/owl/EVS/Thesaurus.owl
data.bioontology.org,vbo__huron.ttl,http://purl.obolibrary.org/obo/vbo/releases/2024-04-18/vbo.owl
data.bioontology.org,geno__oquare.ttl,http://purl.obolibrary.org/obo/geno/releases/2023-10-08/geno.owl
data.bioontology.org,adar__huron.ttl,http://purl.org/autism-ontology/1.0/autism-merged.owl
data.bioontology.org,disdriv__oquare.ttl,http://purl.obolibrary.org/obo/disdriv/releases/2023-12-15/disdriv.owl
data.bioontology.org,chebi__huron.ttl,http://purl.obolibrary.org/obo/chebi/233/chebi.owl
data.bioontology.org,mhcro__huron.ttl,http://purl.obolibrary.org/obo/mro/2023-12-21/mro.owl
data.bioontology.org,pp__huron.ttl,https://bitbucket.org/PlantExpAssay/ontology/raw/v0.1/PipelinePatterns.owl
data.bioontology.org,sepio__huron.ttl,http://purl.obolibrary.org/obo/sepio/releases/2023-06-13/sepio.owl
data.bioontology.org,bfo__oquare.ttl,http://purl.obolibrary.org/obo/bfo/2.0/bfo.owl
data.bioontology.org,pto__oquare.ttl,http://purl.obolibrary.org/obo/pto-20230718-owl__to-basic.obo
data.bioontology.org,pato__huron.ttl,http://purl.obolibrary.org/obo/pato/releases/2024-03-28/pato.owl
data.bioontology.org,vsao__huron.ttl,http://purl.obolibrary.org/obo/vsao/2012-11-06/vsao.owl
data.bioontology.org,tao__oquare.ttl,http://purl.obolibrary.org/obo/tao-20130822-obo__tao.obo
data.bioontology.org,obi__oquare.ttl,http://purl.obolibrary.org/obo/obi/2024-01-09/obi.owl
data.bioontology.org,cob__huron.ttl,http://purl.obolibrary.org/obo/cob/releases/2023-11-16/cob.owl
data.bioontology.org,gro__huron.ttl,http://www.bootstrep.eu/ontology/GRO
data.bioontology.org,nomen__huron.ttl,http://purl.obolibrary.org/obo/NOMEN
data.bioontology.org,matrcompound__huron.ttl,http://sweet.jpl.nasa.gov/2.3/matrCompound.owl
data.bioontology.org,omv__huron.ttl,http://omv.ontoware.org/2005/05/ontology
data.bioontology.org,henegeo__huron.ttl,http://ontology.lst.tfo.upm.es/SPT/0.0.2
data.bioontology.org,mpio__oquare.ttl,http://purl.obolibrary.org/obo/mpio/release/2023-10-17/mpio.owl
data.bioontology.org,ocdm__huron.ttl,http://purl.org/sig/ont/ocdm/
data.bioontology.org,psimod__huron.ttl,http://purl.obolibrary.org/obo/mod/1.031.6/mod.owl
data.bioontology.org,lion__huron.ttl,http://purl.obolibrary.org/obo/TEMP
data.bioontology.org,vivo-isf__oquare.ttl,http://vivoweb.org/ontology/core
data.bioontology.org,planp__huron.ttl,http://purl.obolibrary.org/obo/planp/releases/2020-03-28/planp.owl
data.bioontology.org,apo__huron.ttl,http://purl.obolibrary.org/obo/apo/releases/2024-04-26/apo.owl
data.bioontology.org,mco__oquare.ttl,http://purl.obolibrary.org/obo/mco/releases/2019-05-15/mco.owl
data.bioontology.org,biolink__huron.ttl,https://w3id.org/biolink/biolink-model.owl.ttl
data.bioontology.org,nifdys__huron.ttl,http://ontology.neuinfo.org/NIF/ttl/NIF-Dysfunction.ttl
data.bioontology.org,exo__oquare.ttl,http://purl.obolibrary.org/obo/exo-20221122-obo__exo.obo
data.bioontology.org,doid__huron.ttl,http://purl.obolibrary.org/obo/doid/releases/2024-04-30/doid.owl
data.bioontology.org,dron__huron.ttl,http://purl.obolibrary.org/obo/dron/releases/2024-03-03/dron.owl
data.bioontology.org,neomark4__oquare.ttl,http://neomark.owl
data.bioontology.org,galen__huron.ttl,http://www.co-ode.org/ontologies/galen
data.bioontology.org,lbo__oquare.ttl,http://purl.obolibrary.org/obo/lbo-20240422-obo__LBO-v9.4.obo
data.bioontology.org,mio__huron.ttl,http://www.semanticweb.org/admin/ontologies/2022/7/MIO/1.0.0
data.bioontology.org,zonmw-admin-md__oquare.ttl,file:///home/jredondo/tfm/production/2-metrics/ttl/data.bioontology.org/--
data.bioontology.org,ecg__oquare.ttl,http://www.cvrgrid.org/files/ECGOntologyv1.owl
data.bioontology.org,om__huron.ttl,http://www.ontology-of-units-of-measure.org/resource/om-2
data.bioontology.org,t4fs__oquare.ttl,http://purl.obolibrary.org/obo/t4fs/releases/2023-03-02/t4fs.owl
data.bioontology.org,sweet__oquare.ttl,http://sweetontology.net/sweetAll
data.bioontology.org,ros__oquare.ttl,urn:absolute:1.2.2
data.bioontology.org,nifstd__huron.ttl,http://ontology.neuinfo.org/NIF/ttl/nif/version/1517816168/nif.ttl
data.bioontology.org,symp__huron.ttl,http://purl.obolibrary.org/obo/symp/releases/2024-02-09/symp.owl
data.bioontology.org,ctcae__huron.ttl,file:////Users/safrant/git/safrant-ops-owl-applications/CTCAE_to_OWL/ctcae5.owl
data.bioontology.org,gro__oquare.ttl,http://www.bootstrep.eu/ontology/GRO
data.bioontology.org,hom__huron.ttl,http://purl.obolibrary.org/obo/hom/releases/2015-01-07/hom.owl
data.bioontology.org,kisao__huron.ttl,http://www.biomodels.net/kisao/KISAO#
data.bioontology.org,medo__oquare.ttl,http://www.ebi.ac.uk/medo/
data.bioontology.org,ngbo__huron.ttl,http://purl.obolibrary.org/obo/ngbo/2022-10-05/ngbo.owl
data.bioontology.org,ixno__huron.ttl,http://purl.obolibrary.org/obo/TEMP
data.bioontology.org,ohmi__oquare.ttl,http://purl.obolibrary.org/obo/ohmi/2019-09-17/ohmi.owl
data.bioontology.org,faldo__oquare.ttl,http://biohackathon.org/resource/faldo
data.bioontology.org,bspo__oquare.ttl,http://purl.obolibrary.org/obo/bspo/releases/2023-05-27/bspo.owl
data.bioontology.org,loinc__huron.ttl,http://purl.bioontology.org/ontology/LNC/
data.bioontology.org,adcad__huron.ttl,https://purl.dataone.org/odo/ADCAD/1.0.0
data.bioontology.org,mp__huron.ttl,http://purl.obolibrary.org/obo/mp/releases/2024-04-23/mp.obo/mp.owl
data.bioontology.org,matrelement__huron.ttl,http://sweet.jpl.nasa.gov/2.3/matrElement.owl
data.bioontology.org,lungmap-human__oquare.ttl,http://www.lungmap.net/ontologies/human_anatomy/1.0.1
data.bioontology.org,neomark4__huron.ttl,http://neomark.owl
data.bioontology.org,biodivthes__oquare.ttl,http://data.loterre.fr/ark:/67375/BLH/2.1
data.bioontology.org,stato__oquare.ttl,http://purl.obolibrary.org/obo/stato.owl
data.bioontology.org,occo__huron.ttl,http://purl.obolibrary.org/obo/opl/2023-08-20/occo-merged.owl
data.bioontology.org,nemo__huron.ttl,http://purl.bioontology.org/NEMO/ontology/NEMO.owl
data.bioontology.org,omp__oquare.ttl,http://purl.obolibrary.org/obo/omp/releases/2024-03-25/omp.owl
data.bioontology.org,xeo__huron.ttl,http://purl.obolibrary.org/obo/TEMP
data.bioontology.org,nando__huron.ttl,http://nanbyodata.jp/ontology/nando.owl#
data.bioontology.org,rxnorm__huron.ttl,http://purl.bioontology.org/ontology/RXNORM/
data.bioontology.org,ocimido__oquare.ttl,https://github.com/sap218/ocimido/blob/master/ontology/ocimido.owl
data.bioontology.org,ecao__huron.ttl,http://purl.obolibrary.org/obo/ecao/releases/2024-02-20/ecao.owl
data.bioontology.org,mop__huron.ttl,http://purl.obolibrary.org/obo/mop/releases/2022-05-11/mop.owl
data.bioontology.org,cbo__huron.ttl,http://cbo.biocomplexity.indiana.edu/svn/cbo/trunk/CBO_1_1_2
data.bioontology.org,cmo__huron.ttl,http://purl.obolibrary.org/obo/cmo/2.210/cmo.owl
data.bioontology.org,idobru__oquare.ttl,http://purl.obolibrary.org/obo/ido/brucellosis.owl
data.bioontology.org,iso-15926-2_2003__huron.ttl,http://rds.posccaesar.org/2008/02/OWL/ISO-15926-2_2003
data.bioontology.org,bipon__huron.ttl,http://www.semanticweb.org/BiPON
data.bioontology.org,epip__huron.ttl,https://pat.nichd.nih.gov/patepigeneticprocess
data.bioontology.org,fast-chrono__oquare.ttl,file:///home/jredondo/tfm/production/2-metrics/ttl/data.bioontology.org/--
data.bioontology.org,phenx__oquare.ttl,http://purl.bioontology.org/ontology/phenX/
data.bioontology.org,vt__huron.ttl,http://purl.obolibrary.org/obo/vt/releases/2024-04-23/vt.owl
data.bioontology.org,fast-event__oquare.ttl,file:///home/jredondo/tfm/production/2-metrics/ttl/data.bioontology.org/--
data.bioontology.org,timebank__huron.ttl,https://w3id.org/timebank/0.3
data.bioontology.org,zeco__oquare.ttl,http://purl.obolibrary.org/obo/zeco/releases/2022-02-14/zeco.owl
data.bioontology.org,oboe__huron.ttl,http://ecoinformatics.org/oboe/oboe.1.2/oboe.owl
data.bioontology.org,birnlex__huron.ttl,http://bioontology.org/projects/ontologies/birnlex
data.bioontology.org,tao__huron.ttl,http://purl.obolibrary.org/obo/tao/2012-08-10/tao.owl
data.bioontology.org,plantso__oquare.ttl,http://purl.obolibrary.org/obo/pso/releases/2023-11-14/pso.owl
data.bioontology.org,ontokbcf__oquare.ttl,http://www.owl-ontologies.com/assert.owl
data.bioontology.org,doid__oquare.ttl,http://purl.obolibrary.org/obo/doid/releases/2024-04-30/doid.owl
data.bioontology.org,oarcs__huron.ttl,http://purl.obolibrary.org/obo/hao/2019-04-18/hao.owl
data.bioontology.org,cl__huron.ttl,http://purl.obolibrary.org/obo/cl/releases/2024-04-05/cl.owl
data.bioontology.org,tto__oquare.ttl,http://purl.obolibrary.org/obo/tto.owl
data.bioontology.org,eupath__huron.ttl,http://purl.obolibrary.org/obo/eupath/2023-05-30/eupath.owl
data.bioontology.org,fb-cv__huron.ttl,http://purl.obolibrary.org/obo/fbcv/releases/2024-04-25/fbcv.owl
data.bioontology.org,ido__huron.ttl,http://purl.obolibrary.org/obo/2020-3-08/ido.owl
data.bioontology.org,regn_go__oquare.ttl,http://purl.obolibrary.org/obo/go/releases/2023-01-01/go.owl
data.bioontology.org,rdl__huron.ttl,http://posccaesar.org/rdl/
data.bioontology.org,afpo__oquare.ttl,http://purl.obolibrary.org/obo/afpo/releases/2024-03-21/afpo.owl
data.bioontology.org,phipo__huron.ttl,http://purl.obolibrary.org/obo/phipo/releases/2024-04-04/phipo.owl
data.bioontology.org,uo__huron.ttl,http://purl.obolibrary.org/obo/uo/releases/2023-05-25/uo.owl
data.bioontology.org,eupath__oquare.ttl,http://purl.obolibrary.org/obo/eupath/2023-05-30/eupath.owl
data.bioontology.org,rdfs__oquare.ttl,http://www.w3.org/2000/01/rdf-schema#
data.bioontology.org,gfvo__huron.ttl,https://www.codamono.com/biointerchange/gfvo#
data.bioontology.org,ssn__huron.ttl,http://www.w3.org/ns/ssn/
data.bioontology.org,wetaxtopics__oquare.ttl,file:///home/jredondo/tfm/production/2-metrics/ttl/data.bioontology.org/--
data.bioontology.org,ixno__oquare.ttl,http://purl.obolibrary.org/obo/ixno-20110421-obo__IxnO.obo
data.bioontology.org,htn__huron.ttl,https://raw.githubusercontent.com/aellenhicks/htn_owl/master/htn.owl
data.bioontology.org,mfomd__oquare.ttl,http://purl.obolibrary.org/obo/MFOMD/2020-04-26/MFOMD.owl
data.bioontology.org,lipro__huron.ttl,http://unbsj.biordf.net/lipids/lipid-classification-service-ontology.owl
data.bioontology.org,omp__huron.ttl,http://purl.obolibrary.org/obo/omp/releases/2024-03-25/omp.owl
data.bioontology.org,matr__huron.ttl,http://sweet.jpl.nasa.gov/2.3/matr.owl
data.bioontology.org,ddiem__oquare.ttl,http://purl.obolibrary.org/obo/
data.bioontology.org,cidoc-crm__oquare.ttl,file:///home/jredondo/tfm/production/2-metrics/ttl/data.bioontology.org/--
data.bioontology.org,icd10cm__huron.ttl,http://purl.bioontology.org/ontology/ICD10CM/
data.bioontology.org,ddpheno__huron.ttl,http://purl.obolibrary.org/obo/ddpheno.owl
data.bioontology.org,ros__huron.ttl,urn:absolute:1.2.2
data.bioontology.org,miapa__oquare.ttl,http://purl.obolibrary.org/obo/miapa.owl
data.bioontology.org,vdot__huron.ttl,http://www.ifomis.org/vdot/vdot_core.owl
data.bioontology.org,mpio__huron.ttl,http://purl.obolibrary.org/obo/mpio/release/2023-10-17/mpio.owl
data.bioontology.org,pdq__huron.ttl,http://purl.bioontology.org/ontology/PDQ/
data.bioontology.org,pdq__oquare.ttl,http://purl.bioontology.org/ontology/PDQ/
data.bioontology.org,mosaic__huron.ttl,https://purl.dataone.org/odo/MOSAIC/1.0.1
data.bioontology.org,foodon__huron.ttl,https://github.com/FoodOntology/foodon/releases/download/v2024-03-26/foodon.owl
data.bioontology.org,envthes__oquare.ttl,http://vocabs.lter-europe.net/EnvThes/
data.bioontology.org,brain-cof__oquare.ttl,https://explaination.net/onto/tree-structure-brain-anatomy-FastSurfer/3
data.bioontology.org,cao__oquare.ttl,http://purl.obolibrary.obo/cao.owl
data.bioontology.org,canco__huron.ttl,http://chem.deri.ie/granatum
data.bioontology.org,ngsonto__huron.ttl,http://purl.obolibrary.org/obo/ngsonto.owl
data.bioontology.org,datacite__huron.ttl,http://purl.org/spar/datacite/2022-09-15
data.bioontology.org,oa__huron.ttl,http://www.w3.org/ns/oa#
data.bioontology.org,oostt__oquare.ttl,http://purl.obolibrary.org/obo/oostt/release/2024-01-25/oostt.owl
data.bioontology.org,hravs__oquare.ttl,file:///home/jredondo/tfm/production/2-metrics/ttl/data.bioontology.org/--
data.bioontology.org,cteno__oquare.ttl,http://purl.obolibrary.org/obo/cteno/releases/2016-10-19/cteno.owl
data.bioontology.org,gb__huron.ttl,http://rdf.glycoinfo.org/SugarBind/ontology#
data.bioontology.org,adw__huron.ttl,http://www.owl-ontologies.com/unnamed.owl
data.bioontology.org,icd10pcs__oquare.ttl,http://purl.bioontology.org/ontology/ICD10PCS/
data.bioontology.org,vivo__huron.ttl,http://vivoweb.org/ontology/core
data.bioontology.org,wb-ls__oquare.ttl,http://purl.obolibrary.org/obo/wb-ls-20190205-obo__worm-development.obo
data.bioontology.org,macroalgaetraits__oquare.ttl,file:///home/jredondo/tfm/production/2-metrics/ttl/data.bioontology.org/--
data.bioontology.org,hino__huron.ttl,http://purl.obolibrary.org/obo/in/hino.owl
data.bioontology.org,ovae__huron.ttl,http://purl.obolibrary.org/obo/ovae.owl
data.bioontology.org,oba__huron.ttl,http://purl.obolibrary.org/obo/oba/releases/2024-03-27/oba.owl
data.bioontology.org,epso__huron.ttl,http://www.case.edu/EpilepsyOntology.owl
data.bioontology.org,ftc__oquare.ttl,http://www.ebi.ac.uk/chembl/ftc/ftc-kb-full.owl
data.bioontology.org,onlira__oquare.ttl,http://vavlab.ee.boun.edu.tr/carera/onlira.owl
data.bioontology.org,ppo__huron.ttl,https://raw.githubusercontent.com/PlantPhenoOntology/ppo/master/releases/2018-10-26/ppo.owl
data.bioontology.org,pcalion__oquare.ttl,http://www.semanticweb.org/ontologies/Prostate_cancer
data.bioontology.org,zfs__huron.ttl,http://purl.obolibrary.org/obo/zfs/releases/2020-03-10/zfs.owl
data.bioontology.org,plantso__huron.ttl,http://purl.obolibrary.org/obo/pso/releases/2023-11-14/pso.owl
data.bioontology.org,ai-rheum__oquare.ttl,http://purl.bioontology.org/ontology/AIR/
data.bioontology.org,caro__oquare.ttl,http://purl.obolibrary.org/obo/caro/releases/2023-03-15/caro.owl
data.bioontology.org,genepio__huron.ttl,http://purl.obolibrary.org/obo/genepio/releases/2023-08-19/genepio.owl
data.bioontology.org,edam__oquare.ttl,http://edamontology.org
data.bioontology.org,pcalion__huron.ttl,http://www.semanticweb.org/ontologies/Prostate_cancer
data.bioontology.org,xlmod__oquare.ttl,http://purl.obolibrary.org/obo/xlmod-20210324-obo__XLMOD.obo
data.bioontology.org,icd9cm__huron.ttl,http://purl.bioontology.org/ontology/ICD9CM/
data.bioontology.org,lungmap-human__huron.ttl,http://www.lungmap.net/ontologies/human_anatomy/1.0.1
data.bioontology.org,rpo__huron.ttl,http://www.semanticweb.org/ontologies/2012/5/Ontology1338526551855.owl
data.bioontology.org,senso__huron.ttl,http://purl.dataone.org/odo/SENSO/0.1.0
data.bioontology.org,arcrc__huron.ttl,http://purl.dataone.org/odo/ARCRC.owl/0.10
data.bioontology.org,ontokbcf__huron.ttl,http://www.owl-ontologies.com/assert.owl
data.bioontology.org,obcs__oquare.ttl,http://purl.obolibrary.org/obo/obcs/2023-12-08/obcs.owl
data.bioontology.org,pe-o__huron.ttl,http://www.pepathway.org/peo/1.2
data.bioontology.org,panet__huron.ttl,http://purl.org/pan-science/PaNET/PaNET.owl
data.bioontology.org,hio__huron.ttl,http://purl.obolibrary.org/obo/hio/releases/2019-10-31/hio.owl
data.bioontology.org,lcdgt__oquare.ttl,file:///home/jredondo/tfm/production/2-metrics/ttl/data.bioontology.org/--
data.bioontology.org,vt__oquare.ttl,http://purl.obolibrary.org/obo/vt-20240423-obo__VT-2024-04-23.obo
data.bioontology.org,marc-relators__oquare.ttl,file:///home/jredondo/tfm/production/2-metrics/ttl/data.bioontology.org/--
data.bioontology.org,ddiem__huron.ttl,http://purl.obolibrary.org/obo/
data.bioontology.org,hiv__oquare.ttl,http://purl.obolibrary.org/obo/hiv-20210106-obo__HIVOntology2.7.obo
data.bioontology.org,vhog__huron.ttl,http://purl.obolibrary.org/obo/TEMP
data.bioontology.org,gecco__huron.ttl,https://bio.scai.fraunhofer.de/ontology/GECCO_2.3.0
data.bioontology.org,envo__huron.ttl,http://purl.obolibrary.org/obo/envo/releases/2024-02-16/envo.owl
data.bioontology.org,fao__oquare.ttl,http://purl.obolibrary.org/obo/fao/releases/2020-05-07/fao.owl
data.bioontology.org,lungmap_h_cell__huron.ttl,http://www.lungmap.net/ontologies/human_anatomy/1.0.1
data.bioontology.org,cbo__oquare.ttl,http://cbo.biocomplexity.indiana.edu/svn/cbo/trunk/CBO_1_1_2
data.bioontology.org,mstde__huron.ttl,http://purl.bioontology.org/ontology/MSTDE/
data.bioontology.org,sse__huron.ttl,http://www.mskcc.org/ontologies/2013/03/sae.owl
data.bioontology.org,glyco__huron.ttl,http://glycomics.ccrc.uga.edu/ontologies/GlycO
data.bioontology.org,three-st__oquare.ttl,http://www.semanticweb.org/vhapalmeerwe/ontologies/3ST
data.bioontology.org,pdumdv__huron.ttl,http://purl.obolibrary.org/obo/pdumdv.owl
data.bioontology.org,bto__oquare.ttl,http://purl.obolibrary.org/obo/bto-20220204-obo__BrendaTissueOBO.obo
data.bioontology.org,aba-amb__huron.ttl,http://mouse.brain-map.org/atlas/index.html
data.bioontology.org,xpo__huron.ttl,http://purl.obolibrary.org/obo/xpo/releases/2024-04-18/xpo.owl
data.bioontology.org,cio__huron.ttl,http://purl.obolibrary.org/obo/cio/releases/2015-03-10/cio.owl
data.bioontology.org,icd10pcs__huron.ttl,http://purl.bioontology.org/ontology/ICD10PCS/
data.bioontology.org,ontodt__huron.ttl,http://www.ontodm.com/OntoDT
data.bioontology.org,omrse__huron.ttl,http://purl.obolibrary.org/obo/omrse/releases/2024-03-22/omrse.owl
data.bioontology.org,obib__oquare.ttl,http://purl.obolibrary.org/obo/obib/2023-04-05/obib.owl
data.bioontology.org,idomal__oquare.ttl,http://purl.obolibrary.org/obo/idomal-20170905-obo__MALARIA-IDOMAL1.3.9-2015-03.obo
data.bioontology.org,hsapdv__huron.ttl,http://purl.obolibrary.org/obo/hsapdv.owl
data.bioontology.org,cob__oquare.ttl,http://purl.obolibrary.org/obo/cob/releases/2023-11-16/cob.owl
data.bioontology.org,lungmap-mouse__oquare.ttl,http://www.lungmap.net/ontologies/mouse_anatomy/1.0.1
data.bioontology.org,xao__huron.ttl,http://purl.obolibrary.org/obo/xao/releases/2022-08-29/xao.owl
data.bioontology.org,hl7__huron.ttl,http://purl.bioontology.org/ontology/HL7/
data.bioontology.org,hsapdv__oquare.ttl,http://purl.obolibrary.org/obo/hsapdv.owl
data.bioontology.org,vario__huron.ttl,http://purl.obolibrary.org/obo/vario.owl
data.bioontology.org,xao__oquare.ttl,http://purl.obolibrary.org/obo/xao-20221014-obo__xenopus-anatomy.obo
data.bioontology.org,mpath__huron.ttl,http://purl.obolibrary.org/obo/mpath/2020-05-19/mpath.owl
data.bioontology.org,nbo__huron.ttl,http://purl.obolibrary.org/obo/nbo/releases/2023-07-04/nbo.owl
data.bioontology.org,pp__oquare.ttl,https://bitbucket.org/PlantExpAssay/ontology/raw/v0.1/PipelinePatterns.owl
data.bioontology.org,glycordf__huron.ttl,http://purl.jp/bio/12/glyco/glycan
data.bioontology.org,cio__oquare.ttl,http://purl.obolibrary.org/obo/cio/releases/2015-03-10/cio.owl
data.bioontology.org,ddpheno__oquare.ttl,http://purl.obolibrary.org/obo/ddpheno-20231214-obo__dicty-phenotypes.obo
data.bioontology.org,atc__oquare.ttl,http://purl.bioontology.org/ontology/ATC/
data.bioontology.org,ccf__oquare.ttl,http://purl.org/ccf/releases/2.3.0/ccf.owl
data.bioontology.org,chiro__oquare.ttl,http://purl.obolibrary.org/obo/chiro/releases/2015-11-23/chiro.owl
data.bioontology.org,lpt__oquare.ttl,http://purl.obolibrary.org/obo/lpt-20221221-obo__LPT-v4.3
data.bioontology.org,neurobrg__oquare.ttl,http://maven.renci.org/NeuroBridge/neurobridge#
data.bioontology.org,ao__oquare.ttl,http://childhealthservicemodels.eu/asthma
data.bioontology.org,vario__oquare.ttl,http://purl.obolibrary.org/obo/vario-20200904-obo__vario.obo
data.bioontology.org,duo__huron.ttl,http://purl.obolibrary.org/obo/duo/releases/2021-02-23/duo.owl
data.bioontology.org,omo__huron.ttl,http://purl.obolibrary.org/obo/omo/2020-05-08/omo.owl
data.bioontology.org,tto__huron.ttl,http://purl.obolibrary.org/obo/tto.owl
data.bioontology.org,gaz__huron.ttl,http://purl.obolibrary.org/obo/TEMP
data.bioontology.org,cmdo__huron.ttl,http://purl.bioontology.org/ontology/CMDO/project/9yqdglPmH2IW7QnxBg3WC9
data.bioontology.org,ciinteado__oquare.ttl,http://purl.obolibrary.org/obo/ciinteado-20160728-obo__ciinteado.obo
data.bioontology.org,bfo__huron.ttl,http://purl.obolibrary.org/obo/bfo/2.0/bfo.owl
data.bioontology.org,snmi__huron.ttl,http://purl.bioontology.org/ontology/SNMI/
data.bioontology.org,oae__huron.ttl,http://purl.obolibrary.org/obo/oae.owl
data.bioontology.org,gb__oquare.ttl,http://rdf.glycoinfo.org/SugarBind/ontology#
data.bioontology.org,wb-bt__huron.ttl,http://purl.obolibrary.org/obo/wbbt/releases/2024-04-01/wbbt.owl
data.bioontology.org,geno__huron.ttl,http://purl.obolibrary.org/obo/geno/releases/2023-10-08/geno.owl
data.bioontology.org,qudt2-1__huron.ttl,http://qudt.org/2.1/schema/qudt
data.bioontology.org,phipo__oquare.ttl,http://purl.obolibrary.org/obo/phipo/releases/2024-04-04/phipo.owl
data.bioontology.org,ino__oquare.ttl,http://purl.obolibrary.org/obo/ino.owl
data.bioontology.org,fovt__huron.ttl,http://purl.obolibrary.org/obo/fovt/releases/2023-05-31/fovt.owl
data.bioontology.org,fbbi__oquare.ttl,http://purl.obolibrary.org/obo/fbbi/releases/2020-11-06/fbbi.owl
data.bioontology.org,chebi__oquare.ttl,http://purl.obolibrary.org/obo/chebi-20240501-obo__chebi.obo
data.bioontology.org,vto__huron.ttl,http://purl.obolibrary.org/obo/vto/2020-11-13/vto.owl
data.bioontology.org,mmo__huron.ttl,http://purl.obolibrary.org/obo/mmo/2.109/mmo.owl
data.bioontology.org,ctont__huron.ttl,http://epoch.stanford.edu/ClinicalTrialOntology.owl
data.bioontology.org,obib__huron.ttl,http://purl.obolibrary.org/obo/obib/2023-04-05/obib.owl
data.bioontology.org,labo__huron.ttl,http://purl.obolibrary.org/obo/2020-02-06/labo.owl
data.bioontology.org,idobru__huron.ttl,http://purl.obolibrary.org/obo/ido/brucellosis.owl
data.bioontology.org,moc__huron.ttl,http://sweet.jpl.nasa.gov/2.3/matrOrganicCompound.owl
data.bioontology.org,lpt__huron.ttl,http://purl.obolibrary.org/obo/TEMP
data.bioontology.org,doremus-keys__oquare.ttl,file:///home/jredondo/tfm/production/2-metrics/ttl/data.bioontology.org/--
data.bioontology.org,ontolurgences__huron.ttl,http://www.limics.fr/ontologies/ontolurgences
data.bioontology.org,matrrock__huron.ttl,http://sweet.jpl.nasa.gov/2.3/matrRock.owl
data.bioontology.org,simon__huron.ttl,http://www.semanticweb.org/michaeldebellis/ontologies/2021/0/measurement
data.bioontology.org,ecg__huron.ttl,http://www.cvrgrid.org/files/ECGOntologyv1.owl
data.bioontology.org,vsao__oquare.ttl,http://purl.obolibrary.org/obo/vsao/2012-11-06/vsao.owl
data.bioontology.org,olatdv__huron.ttl,http://purl.obolibrary.org/obo/olatdv.owl
data.bioontology.org,lbo__huron.ttl,http://purl.obolibrary.org/obo/TEMP
data.bioontology.org,miapa__huron.ttl,http://purl.obolibrary.org/obo/miapa.owl
data.bioontology.org,oborel__huron.ttl,http://purl.obolibrary.org/obo/ro/releases/2024-04-24/ro.owl
data.bioontology.org,odnae__oquare.ttl,http://purl.obolibrary.org/obo/odnae.owl
data.bioontology.org,fast-genreform__oquare.ttl,file:///home/jredondo/tfm/production/2-metrics/ttl/data.bioontology.org/--
data.bioontology.org,bibliotek-o__oquare.ttl,http://bibliotek-o.org/1.1/ontology/
data.bioontology.org,xco__oquare.ttl,http://purl.obolibrary.org/obo/xco-20240506-obo__experimental-condition.obo
data.bioontology.org,onl-dp__oquare.ttl,http://neurolog.unice.fr/ontoneurolog/v3.0/ontoneurolog-dataset-processing.owl
data.bioontology.org,icf__oquare.ttl,http://who.int/icf
data.bioontology.org,ddanat__huron.ttl,http://purl.obolibrary.org/obo/ddanat.owl
data.bioontology.org,ado__oquare.ttl,http://purl.obolibrary.org/obo/ado/releases/2023-09-20/ado.owl
data.bioontology.org,mcro__huron.ttl,http://purl.obolibrary.org/obo/2023-03-07/mcro.owl
data.bioontology.org,apollo-sv__huron.ttl,http://purl.obolibrary.org/obo/apollo_sv/releases/2024-04-19/apollo_sv.owl
data.bioontology.org,edem-connectonto__oquare.ttl,http://www.semanticweb.org/sumaiyasuravee/ontologies/2023/5/untitled-ontology-20
data.bioontology.org,emapa__huron.ttl,http://purl.obolibrary.org/obo/emapa/releases/2022-11-04/emapa.owl
data.bioontology.org,bof__huron.ttl,http://www.owl-ontologies.com/BiodiversityOntologyFull.owl
data.bioontology.org,icw__oquare.ttl,http://webprotege.stanford.edu/project/8pMSl9xBFPU3Gtu4U9kAEE
data.bioontology.org,hcpcs__huron.ttl,http://purl.bioontology.org/ontology/HCPCS/
data.bioontology.org,oce__huron.ttl,http://purl.obolibrary.org/obo/oce.owl
data.bioontology.org,go__oquare.ttl,http://purl.obolibrary.org/obo/go-20240430-obo__go.obo
data.bioontology.org,so__huron.ttl,http://purl.obolibrary.org/obo/so/2024-04-10/so.owl
data.bioontology.org,bdo__huron.ttl,http://purl.org/skeletome/bonedysplasia#
data.bioontology.org,ispo__oquare.ttl,https://bioportal.bioontology.org/ontologies/ISPO.owl
data.bioontology.org,bhn__oquare.ttl,http://chu-rouen.fr/cismef/BHN
data.bioontology.org,cpro__huron.ttl,http://purl.org/cpr/
data.bioontology.org,hgnc-nr__huron.ttl,http://purl.bioontology.org/ontology/HGNC/releases/2024-03-04/hgnc.owl
data.bioontology.org,ordo__huron.ttl,https://www.orphadata.com/data/ontologies/ordo/last_version/ORDO_en_4.4.owl
data.bioontology.org,ckdo__huron.ttl,http://clininf.eu/ckdo
data.bioontology.org,elter_cl__oquare.ttl,http://vocabs.lter-europe.net/elter_cl/
data.bioontology.org,cdo__huron.ttl,https://im.njmu.edu.cn/CDMO/cdmo.owl
data.bioontology.org,ceph__oquare.ttl,http://purl.obolibrary.org/obo/ceph/releases/2016-01-12/ceph.owl
data.bioontology.org,onl-mr-da__huron.ttl,http://neurolog.unice.fr/ontoneurolog/v3.0/ontoneurolog-mr-dataset-acquisition.owl
data.bioontology.org,omv__oquare.ttl,http://omv.ontoware.org/2005/05/ontology
data.bioontology.org,xco__huron.ttl,http://purl.obolibrary.org/obo/xco/4.166/xco.owl
data.bioontology.org,mi__oquare.ttl,http://purl.obolibrary.org/obo/mi-20230816-obo__psi-mi.obo
data.bioontology.org,bin__oquare.ttl,http://purl.bioontology.org/ontology/BIN
data.bioontology.org,ohmi__huron.ttl,http://purl.obolibrary.org/obo/ohmi/2019-09-17/ohmi.owl
data.bioontology.org,aeo__oquare.ttl,http://purl.obolibrary.org/obo/aeo/releases/2014-12-05/aeo.owl
data.bioontology.org,cu-vo__huron.ttl,http://www.semanticweb.org/jdr2160/ontologies/2015/5/venom_ontology
data.bioontology.org,procchemical__huron.ttl,http://sweet.jpl.nasa.gov/2.3/propChemical.owl
data.bioontology.org,efo__huron.ttl,http://www.ebi.ac.uk/efo/releases/v3.65.0/efo.owl
data.bioontology.org,mondo__huron.ttl,http://purl.obolibrary.org/obo/mondo/releases/2024-05-08/mondo.owl
data.bioontology.org,gmm__huron.ttl,http://purl.obolibrary.org/obo/TEMP
data.bioontology.org,mcro__oquare.ttl,http://purl.obolibrary.org/obo/2023-03-07/mcro.owl
data.bioontology.org,vto__oquare.ttl,http://purl.obolibrary.org/obo/vto/2020-11-13/vto.owl
data.bioontology.org,oborel__oquare.ttl,http://purl.obolibrary.org/obo/ro/releases/2024-04-24/ro.owl
data.bioontology.org,exo__huron.ttl,http://purl.obolibrary.org/obo/exo/releases/2022-06-29/exo.owl
data.bioontology.org,wikipathways__oquare.ttl,https://vocabularies.wikipathways.org/wp.owl
data.bioontology.org,vandf__oquare.ttl,http://purl.bioontology.org/ontology/VANDF/
data.bioontology.org,mhcro__oquare.ttl,http://purl.obolibrary.org/obo/mro/2023-12-21/mro.owl
data.bioontology.org,ons__huron.ttl,https://raw.githubusercontent.com/enpadasi/Ontology-for-Nutritional-Studies/master/ons.owl
data.bioontology.org,ispo__huron.ttl,https://bioportal.bioontology.org/ontologies/ISPO.owl
data.bioontology.org,inverseroles__huron.ttl,http://rds.posccaesar.org/2008/09/OWL/ISO-15926-2_2003_inverseRoles
data.bioontology.org,cmo__oquare.ttl,http://purl.obolibrary.org/obo/cmo-20240506-obo__clinical-measurement.obo
data.bioontology.org,ogg-mm__oquare.ttl,http://purl.obolibrary.org/obo/ogg-mm.owl
data.bioontology.org,ado__huron.ttl,http://purl.obolibrary.org/obo/ado/releases/2023-09-20/ado.owl
data.bioontology.org,atol__huron.ttl,http://opendata.inra.fr/ATOL/
data.bioontology.org,xeo__oquare.ttl,http://purl.obolibrary.org/obo/xeo-20140625-obo__XEO-v1-6-v1.6-no-Instance.obo
data.bioontology.org,onl-dp__huron.ttl,http://neurolog.unice.fr/ontoneurolog/v3.0/ontoneurolog-dataset-processing.owl
data.bioontology.org,nist_gel__oquare.ttl,urn:webprotege:ontology:fd10c6f5-9529-41cb-be34-b22a931848a0
data.bioontology.org,neurobrg__huron.ttl,http://maven.renci.org/NeuroBridge/neurobridge#
data.bioontology.org,land-surface__huron.ttl,http://anzsoil.org/def/au/asls/land-surface
data.bioontology.org,go-plus__huron.ttl,http://purl.obolibrary.org/obo/go/releases/2024-04-24/extensions/go-plus.owl
data.bioontology.org,mpath__oquare.ttl,http://purl.obolibrary.org/obo/mpath-20230930-obo__mpath.obo
data.bioontology.org,rs__huron.ttl,http://purl.obolibrary.org/obo/rs/6.221/rs.owl
data.bioontology.org,dcat-fdc__huron.ttl,http://www.w3.org/ns/dcat
data.bioontology.org,fish-ast__oquare.ttl,file:///home/jredondo/tfm/production/2-metrics/ttl/data.bioontology.org/--
data.bioontology.org,mmusdv__oquare.ttl,http://purl.obolibrary.org/obo/mmusdv/releases/2018-03-24/mmusdv.owl
data.bioontology.org,pino__oquare.ttl,http://www.semanticweb.org/luyu/ontologies/2021/3/pregnancy_information_needs_ontology
data.bioontology.org,panet__oquare.ttl,http://purl.org/pan-science/PaNET/PaNET.owl
data.bioontology.org,mop__oquare.ttl,http://purl.obolibrary.org/obo/mop/releases/2022-05-11/mop.owl
data.bioontology.org,ddanat__oquare.ttl,http://purl.obolibrary.org/obo/ddanat-20240109-obo__dicty-anatomy.obo
data.bioontology.org,edam__huron.ttl,http://edamontology.org
data.bioontology.org,vico__huron.ttl,http://purl.obolibrary.org/obo/VICO_merged.owl
data.bioontology.org,bhn__huron.ttl,http://chu-rouen.fr/cismef/BHN
data.bioontology.org,cido__huron.ttl,http://purl.obolibrary.org/obo/cido/releases/2024-02-16/cido.owl
data.bioontology.org,sitbac__huron.ttl,http://www.semanticweb.org/ontologies/2008/1/Ontology1204037102846.owl
data.bioontology.org,emapa__oquare.ttl,http://purl.obolibrary.org/obo/emapa/releases/2022-11-04/emapa.owl
data.bioontology.org,ogg__huron.ttl,http://purl.obolibrary.org/obo/ogg.owl
data.bioontology.org,pto__huron.ttl,http://purl.obolibrary.org/obo/subsets/to-basic.owl
data.bioontology.org,uberon__huron.ttl,http://purl.obolibrary.org/obo/uberon/releases/2024-03-22/uberon.owl
data.bioontology.org,cmdo__oquare.ttl,http://purl.bioontology.org/ontology/CMDO/project/9yqdglPmH2IW7QnxBg3WC9
data.bioontology.org,cheminf__huron.ttl,http://semanticchemistry.github.io/semanticchemistry/ontology/cheminf.owl
data.bioontology.org,ctcae__oquare.ttl,file:////Users/safrant/git/safrant-ops-owl-applications/CTCAE_to_OWL/ctcae5.owl
data.biodivportal.gfbio.org,ets__huron.ttl,http://terminologies.gfbio.org/terms/ets/2019-03-15/ets.owl
data.biodivportal.gfbio.org,thysanoptera__huron.ttl,http://terminologies.gfbio.org/terms/thysanoptera/2017-01-31/thysanoptera.owl
data.biodivportal.gfbio.org,chebi__huron.ttl,http://purl.obolibrary.org/obo/chebi/221/chebi.owl
data.biodivportal.gfbio.org,kingdom__oquare.ttl,http://terminologies.gfbio.org/terms/kingdom/releases/1.0/kingdom.owl
data.biodivportal.gfbio.org,pto__huron.ttl,http://purl.obolibrary.org/obo/subsets/to-basic.owl
data.biodivportal.gfbio.org,oboe__oquare.ttl,http://ecoinformatics.org/oboe/oboe.1.2/oboe.owl
data.biodivportal.gfbio.org,recordbasis__oquare.ttl,http://terminologies.gfbio.org/terms/recordbasis/2016-07-04/recordbasis.owl
data.biodivportal.gfbio.org,lit_i__huron.ttl,http://www.lithologs.net/skos/igneous_rocks/all
data.biodivportal.gfbio.org,sweet__huron.ttl,http://sweetontology.net/sweetAll
data.biodivportal.gfbio.org,atol__huron.ttl,http://opendata.inra.fr/ATOL/
data.biodivportal.gfbio.org,ets__oquare.ttl,http://terminologies.gfbio.org/terms/ets/2019-03-15/ets.owl
data.biodivportal.gfbio.org,kingdom__huron.ttl,http://terminologies.gfbio.org/terms/kingdom/releases/1.0/kingdom.owl
data.biodivportal.gfbio.org,schemaorg__huron.ttl,https://schema.org/
data.biodivportal.gfbio.org,isocountries__oquare.ttl,https://terminologies.gfbio.org/terms/isocountries/2021-05-25/isocountries.rdf
data.biodivportal.gfbio.org,bohlmann__oquare.ttl,http://terminologies.gfbio.org/terms/bohlmann/2023-11-03/bohlmann.owl
data.biodivportal.gfbio.org,oboe__huron.ttl,http://ecoinformatics.org/oboe/oboe.1.2/oboe.owl
data.biodivportal.gfbio.org,atol__oquare.ttl,http://opendata.inra.fr/ATOL/
data.biodivportal.gfbio.org,envo__huron.ttl,http://purl.obolibrary.org/obo/envo/releases/2024-02-16/envo.owl
data.biodivportal.gfbio.org,recordbasis__huron.ttl,http://terminologies.gfbio.org/terms/recordbasis/2016-07-04/recordbasis.owl
data.biodivportal.gfbio.org,sweet__oquare.ttl,http://sweetontology.net/sweetAll
data.biodivportal.gfbio.org,geonames__huron.ttl,https://www.geonames.org/ontology
data.biodivportal.gfbio.org,biobank__oquare.ttl,file:///home/jredondo/tfm/production/2-metrics/ttl/data.biodivportal.gfbio.org/--
data.biodivportal.gfbio.org,bco__oquare.ttl,http://purl.obolibrary.org/obo/bco/releases/2021-11-14/bco.owl
data.biodivportal.gfbio.org,bco__huron.ttl,http://purl.obolibrary.org/obo/bco/releases/2021-11-14/bco.owl
data.biodivportal.gfbio.org,pato__huron.ttl,http://purl.obolibrary.org/obo/pato/releases/2024-03-28/pato.owl
data.biodivportal.gfbio.org,pto__oquare.ttl,http://purl.obolibrary.org/obo/pto-20230801-owl__to-basic.obo
data.biodivportal.gfbio.org,iho__huron.ttl,http://terminologies.gfbio.org/terms/iho/2019-11-27/iho.owl
data.biodivportal.gfbio.org,oribatida__oquare.ttl,http://terminologies.gfbio.org/terms/oribatida/2017-01-31/oribatida.owl
data.biodivportal.gfbio.org,i-adopt__oquare.ttl,https://w3id.org/iadopt/ont/0.9.1
data.biodivportal.gfbio.org,po__oquare.ttl,http://purl.obolibrary.org/obo/po-20230511-obo__po.obo
data.biodivportal.gfbio.org,oribatida__huron.ttl,http://terminologies.gfbio.org/terms/oribatida/2017-01-31/oribatida.owl
data.biodivportal.gfbio.org,i-adopt__huron.ttl,https://w3id.org/iadopt/ont/0.9.1
data.biodivportal.gfbio.org,rivers_de__huron.ttl,http://terminologies.gfbio.org/terms/rivers_de/2023-10-31/rivers_de.owl
data.biodivportal.gfbio.org,schemaorg__oquare.ttl,https://schema.org/
data.biodivportal.gfbio.org,chebi__oquare.ttl,http://purl.obolibrary.org/obo/chebi-20230511-obo__chebi.obo
data.biodivportal.gfbio.org,bohlmann__huron.ttl,http://terminologies.gfbio.org/terms/bohlmann/2023-11-03/bohlmann.owl
data.biodivportal.gfbio.org,thysanoptera__oquare.ttl,http://terminologies.gfbio.org/terms/thysanoptera/2017-01-31/thysanoptera.owl
data.biodivportal.gfbio.org,lit_i__oquare.ttl,http://www.lithologs.net/skos/igneous_rocks/all
data.biodivportal.gfbio.org,trichoptera__oquare.ttl,http://terminologies.gfbio.org/terms/trichoptera/2017-01-31/trichoptera.owl
data.biodivportal.gfbio.org,po__huron.ttl,http://purl.obolibrary.org/obo/po/releases/2021-08-13/po.owl
data.biodivportal.gfbio.org,trichoptera__huron.ttl,http://terminologies.gfbio.org/terms/trichoptera/2017-01-31/trichoptera.owl
data.biodivportal.gfbio.org,ioc__oquare.ttl,file:///home/jredondo/tfm/production/2-metrics/ttl/data.biodivportal.gfbio.org/--
data.earthportal.eu,ssn__oquare.ttl,http://www.w3.org/ns/ssn/
data.earthportal.eu,nvs_l22__oquare.ttl,http://vocab.nerc.ac.uk/collection/L22/current/
data.earthportal.eu,nvs_r__huron.ttl,http://vocab.nerc.ac.uk/vocabulary/R/
data.earthportal.eu,brgm_lth__oquare.ttl,file:///home/jredondo/tfm/production/2-metrics/ttl/data.earthportal.eu/--
data.earthportal.eu,sweet__huron.ttl,http://sweetontology.net/sweetAll
data.earthportal.eu,nvs_p02__oquare.ttl,http://vocab.nerc.ac.uk/collection/P02/current/
data.earthportal.eu,actris_vocab__oquare.ttl,file:///home/jredondo/tfm/production/2-metrics/ttl/data.earthportal.eu/--
data.earthportal.eu,fmt_var__oquare.ttl,https://service.poleterresolide.fr/voc/variable
data.earthportal.eu,fmt_foi__huron.ttl,https://service.poleterresolide.fr/voc/FOI
data.earthportal.eu,nvs_p07__huron.ttl,http://vocab.nerc.ac.uk/collection/P07/current/
data.earthportal.eu,sxt_aob__oquare.ttl,file:///home/jredondo/tfm/production/2-metrics/ttl/data.earthportal.eu/--
data.earthportal.eu,aer_pjt__huron.ttl,https://vocab.aeris-data.fr/project
data.earthportal.eu,easydata_kw__huron.ttl,https://terra-vocabulary.org/ncl/DataTerraRepositoryFairIncubator/motsClefs
data.earthportal.eu,easydata_infra__oquare.ttl,file:///home/jredondo/tfm/production/2-metrics/ttl/data.earthportal.eu/--
data.earthportal.eu,aer_ins__oquare.ttl,file:///home/jredondo/tfm/production/2-metrics/ttl/data.earthportal.eu/--
data.earthportal.eu,brgm_uom__oquare.ttl,file:///home/jredondo/tfm/production/2-metrics/ttl/data.earthportal.eu/--
data.earthportal.eu,sxt_cdo__oquare.ttl,file:///home/jredondo/tfm/production/2-metrics/ttl/data.earthportal.eu/--
data.earthportal.eu,aer_pfm__oquare.ttl,file:///home/jredondo/tfm/production/2-metrics/ttl/data.earthportal.eu/--
data.earthportal.eu,nvs_p06__oquare.ttl,http://vocab.nerc.ac.uk/collection/P06/current/
data.earthportal.eu,sweet__oquare.ttl,http://sweetontology.net/sweetAll
data.earthportal.eu,sty__oquare.ttl,file:///home/jredondo/tfm/production/2-metrics/ttl/data.earthportal.eu/--
data.earthportal.eu,nvs_p02__huron.ttl,http://vocab.nerc.ac.uk/collection/P02/current/
data.earthportal.eu,nvs_r__oquare.ttl,http://vocab.nerc.ac.uk/vocabulary/R/
data.earthportal.eu,sdndev__oquare.ttl,http://vocab.nerc.ac.uk/scheme/SDNDEV/current/
data.earthportal.eu,easydata_kw__oquare.ttl,https://terra-vocabulary.org/ncl/DataTerraRepositoryFairIncubator/motsClefs
data.earthportal.eu,sosa__huron.ttl,http://www.w3.org/ns/sosa/
data.earthportal.eu,fmt_dt__huron.ttl,https://service.poleterresolide.fr/voc/science_field
data.earthportal.eu,nvs_od1__huron.ttl,http://vocab.nerc.ac.uk/collection/OD1/current/
data.earthportal.eu,actris_cl__oquare.ttl,file:///home/jredondo/tfm/production/2-metrics/ttl/data.earthportal.eu/--
data.earthportal.eu,nvs_p07__oquare.ttl,http://vocab.nerc.ac.uk/collection/P07/current/
data.earthportal.eu,fmt_int__oquare.ttl,https://service.poleterresolide.fr/voc/instrument
data.earthportal.eu,aer_prm__oquare.ttl,file:///home/jredondo/tfm/production/2-metrics/ttl/data.earthportal.eu/--
data.earthportal.eu,fmt_int__huron.ttl,https://service.poleterresolide.fr/voc/instrument
data.earthportal.eu,arg__oquare.ttl,http://www.argodatamgt.org/argo-ontology#
data.earthportal.eu,ssn__huron.ttl,http://www.w3.org/ns/ssn/
data.earthportal.eu,nvs_l05__oquare.ttl,http://vocab.nerc.ac.uk/collection/L05/current/
data.earthportal.eu,aer_pjt__oquare.ttl,https://vocab.aeris-data.fr/project
data.earthportal.eu,fmt_pro__huron.ttl,https://service.poleterresolide.fr/voc/produit
data.earthportal.eu,sdndev__huron.ttl,http://vocab.nerc.ac.uk/scheme/SDNDEV/current/
data.earthportal.eu,toz__huron.ttl,http://www.w3.org/2002/07/owl
data.earthportal.eu,nvs_l22__huron.ttl,http://vocab.nerc.ac.uk/collection/L22/current/
data.earthportal.eu,sosa__oquare.ttl,http://www.w3.org/ns/sosa/
data.earthportal.eu,nvs_od1__oquare.ttl,http://vocab.nerc.ac.uk/collection/OD1/current/
data.earthportal.eu,nvs_l05__huron.ttl,http://vocab.nerc.ac.uk/collection/L05/current/
data.earthportal.eu,fmt_net__huron.ttl,https://service.poleterresolide.fr/voc/network
data.earthportal.eu,fmt_ptf__oquare.ttl,https://service.poleterresolide.fr/voc/platform
data.earthportal.eu,fmt_var__huron.ttl,https://service.poleterresolide.fr/voc/variable
data.earthportal.eu,fmt_ptf__huron.ttl,https://service.poleterresolide.fr/voc/platform
data.earthportal.eu,easydata_themes__oquare.ttl,file:///home/jredondo/tfm/production/2-metrics/ttl/data.earthportal.eu/--
data.earthportal.eu,nvs_p06__huron.ttl,http://vocab.nerc.ac.uk/collection/P06/current/
data.earthportal.eu,arg__huron.ttl,http://www.argodatamgt.org/argo-ontology#
